/*
MySQL Data Transfer
Source Host: localhost
Source Database: inspectpartition
Target Host: localhost
Target Database: inspectpartition
Date: 2013/11/5 21:22:20
*/

SET FOREIGN_KEY_CHECKS=0;
-- ----------------------------
-- Table structure for device
-- ----------------------------
DROP TABLE IF EXISTS `device`;
CREATE TABLE `device` (
  `id` bigint(20) NOT NULL AUTO_INCREMENT,
  `description` varchar(255) NOT NULL,
  `devname` varchar(255) NOT NULL,
  `numbers` varchar(255) NOT NULL,
  `version` bigint(20) DEFAULT NULL,
  `type_id` bigint(20) NOT NULL,
  PRIMARY KEY (`id`),
  KEY `type_id` (`type_id`),
  CONSTRAINT `device_ibfk_1` FOREIGN KEY (`type_id`) REFERENCES `device_type` (`id`)
) ENGINE=InnoDB AUTO_INCREMENT=13 DEFAULT CHARSET=utf8;

-- ----------------------------
-- Table structure for device_type
-- ----------------------------
DROP TABLE IF EXISTS `device_type`;
CREATE TABLE `device_type` (
  `id` bigint(20) NOT NULL AUTO_INCREMENT,
  `version` bigint(20) NOT NULL,
  `description` varchar(255) NOT NULL,
  `typename` varchar(255) NOT NULL,
  `typenumber` varchar(255) NOT NULL,
  PRIMARY KEY (`id`)
) ENGINE=InnoDB AUTO_INCREMENT=11 DEFAULT CHARSET=utf8;

-- ----------------------------
-- Table structure for inspect_item
-- ----------------------------
DROP TABLE IF EXISTS `inspect_item`;
CREATE TABLE `inspect_item` (
  `id` bigint(20) NOT NULL AUTO_INCREMENT,
  `is_input` varchar(255) NOT NULL,
  `createtime` datetime NOT NULL,
  `description` varchar(255) NOT NULL,
  `name` varchar(255) NOT NULL,
  `numbers` varchar(255) NOT NULL,
  `unit` varchar(255) NOT NULL,
  `inspecttable_id` bigint(20) NOT NULL,
  `tag_id` bigint(20) NOT NULL,
  `version` bigint(20) DEFAULT NULL,
  PRIMARY KEY (`id`),
  KEY `FKF94DFE5E2ED15500` (`tag_id`),
  KEY `FKF94DFE5E88803D14` (`inspecttable_id`),
  CONSTRAINT `FKF94DFE5E2ED15500` FOREIGN KEY (`tag_id`) REFERENCES `inspect_tag` (`id`),
  CONSTRAINT `FKF94DFE5E88803D14` FOREIGN KEY (`inspecttable_id`) REFERENCES `inspect_table` (`id`)
) ENGINE=InnoDB AUTO_INCREMENT=377 DEFAULT CHARSET=utf8;

-- ----------------------------
-- Table structure for inspect_item_rec
-- ----------------------------
DROP TABLE IF EXISTS `inspect_item_rec`;
CREATE TABLE `inspect_item_rec` (
  `id` bigint(20) NOT NULL AUTO_INCREMENT,
  `createtime` datetime NOT NULL,
  `ivalue_id` bigint(11) NOT NULL,
  `inspecttable_id` bigint(11) NOT NULL,
  `inspecttablerec_id` bigint(11) NOT NULL,
  `item_id` bigint(11) NOT NULL,
  `tag_id` bigint(11) NOT NULL,
  `worker_id` bigint(11) NOT NULL,
  `dnumber_id` bigint(11) NOT NULL,
  `version` bigint(20) DEFAULT NULL,
  PRIMARY KEY (`id`,`createtime`)
) ENGINE=InnoDB AUTO_INCREMENT=8124 DEFAULT CHARSET=utf8
/*!50100 PARTITION BY RANGE (YEAR(createtime))
(PARTITION p0 VALUES LESS THAN (2012) ENGINE = InnoDB,
 PARTITION p1 VALUES LESS THAN (2014) ENGINE = InnoDB,
 PARTITION p2 VALUES LESS THAN (2016) ENGINE = InnoDB,
 PARTITION p3 VALUES LESS THAN MAXVALUE ENGINE = InnoDB) */;

-- ----------------------------
-- Table structure for inspect_item_record
-- ----------------------------
DROP TABLE IF EXISTS `inspect_item_record`;
CREATE TABLE `inspect_item_record` (
  `id` bigint(20) NOT NULL AUTO_INCREMENT,
  `createtime` datetime NOT NULL,
  `ivalue_id` bigint(20) NOT NULL,
  `inspecttable_id` bigint(20) NOT NULL,
  `inspecttablerec_id` bigint(20) NOT NULL,
  `item_id` bigint(20) NOT NULL,
  `tag_id` bigint(20) NOT NULL,
  `worker_id` bigint(20) NOT NULL,
  `dnumber_id` bigint(20) NOT NULL,
  `version` bigint(20) DEFAULT NULL,
  PRIMARY KEY (`id`),
  KEY `FK5EFD25521D0D930A` (`worker_id`),
  KEY `FK5EFD255285C62414` (`item_id`),
  KEY `FK5EFD2552BD437F29` (`inspecttablerec_id`),
  KEY `FK5EFD2552143C60A9` (`ivalue_id`),
  KEY `FK5EFD25522ED15500` (`tag_id`),
  KEY `FK5EFD255288803D14` (`inspecttable_id`),
  KEY `FK5EFD25524CCFA57D` (`dnumber_id`),
  CONSTRAINT `FK5EFD2552143C60A9` FOREIGN KEY (`ivalue_id`) REFERENCES `tvalue` (`id`),
  CONSTRAINT `FK5EFD25521D0D930A` FOREIGN KEY (`worker_id`) REFERENCES `users` (`id`),
  CONSTRAINT `FK5EFD25522ED15500` FOREIGN KEY (`tag_id`) REFERENCES `inspect_tag` (`id`),
  CONSTRAINT `FK5EFD25524CCFA57D` FOREIGN KEY (`dnumber_id`) REFERENCES `device` (`id`),
  CONSTRAINT `FK5EFD255285C62414` FOREIGN KEY (`item_id`) REFERENCES `inspect_item` (`id`),
  CONSTRAINT `FK5EFD255288803D14` FOREIGN KEY (`inspecttable_id`) REFERENCES `inspect_table` (`id`),
  CONSTRAINT `FK5EFD2552BD437F29` FOREIGN KEY (`inspecttablerec_id`) REFERENCES `inspect_table_record` (`id`)
) ENGINE=InnoDB DEFAULT CHARSET=utf8;

-- ----------------------------
-- Table structure for inspect_item_tvalues
-- ----------------------------
DROP TABLE IF EXISTS `inspect_item_tvalues`;
CREATE TABLE `inspect_item_tvalues` (
  `inspect_item_id` bigint(20) NOT NULL,
  `tvalue_id` bigint(20) NOT NULL,
  `version` bigint(20) DEFAULT NULL,
  PRIMARY KEY (`inspect_item_id`,`tvalue_id`),
  KEY `FK758DDB5732D25B4` (`tvalue_id`),
  KEY `FK758DDB5E2D8D8E9` (`inspect_item_id`),
  CONSTRAINT `FK758DDB5732D25B4` FOREIGN KEY (`tvalue_id`) REFERENCES `tvalue` (`id`),
  CONSTRAINT `FK758DDB5E2D8D8E9` FOREIGN KEY (`inspect_item_id`) REFERENCES `inspect_item` (`id`)
) ENGINE=InnoDB DEFAULT CHARSET=utf8;

-- ----------------------------
-- Table structure for inspect_table
-- ----------------------------
DROP TABLE IF EXISTS `inspect_table`;
CREATE TABLE `inspect_table` (
  `id` bigint(20) NOT NULL AUTO_INCREMENT,
  `createtime` datetime NOT NULL,
  `tname` varchar(255) NOT NULL,
  `trole_id` bigint(20) NOT NULL,
  `version` bigint(20) DEFAULT NULL,
  PRIMARY KEY (`id`),
  KEY `FK310421E33FA7F8D3` (`trole_id`),
  CONSTRAINT `FK310421E33FA7F8D3` FOREIGN KEY (`trole_id`) REFERENCES `roles` (`id`)
) ENGINE=InnoDB AUTO_INCREMENT=7 DEFAULT CHARSET=utf8;

-- ----------------------------
-- Table structure for inspect_table_record
-- ----------------------------
DROP TABLE IF EXISTS `inspect_table_record`;
CREATE TABLE `inspect_table_record` (
  `id` bigint(20) NOT NULL AUTO_INCREMENT,
  `createtime` datetime NOT NULL,
  `faultcount` int(11) DEFAULT NULL,
  `inspecttable_id` bigint(20) NOT NULL,
  `worker_id` bigint(20) NOT NULL,
  `version` bigint(20) DEFAULT NULL,
  PRIMARY KEY (`id`),
  KEY `FKEFA5F22D1D0D930A` (`worker_id`),
  KEY `FKEFA5F22D88803D14` (`inspecttable_id`),
  CONSTRAINT `FKEFA5F22D1D0D930A` FOREIGN KEY (`worker_id`) REFERENCES `users` (`id`),
  CONSTRAINT `FKEFA5F22D88803D14` FOREIGN KEY (`inspecttable_id`) REFERENCES `inspect_table` (`id`)
) ENGINE=InnoDB AUTO_INCREMENT=184 DEFAULT CHARSET=utf8;

-- ----------------------------
-- Table structure for inspect_tag
-- ----------------------------
DROP TABLE IF EXISTS `inspect_tag`;
CREATE TABLE `inspect_tag` (
  `id` bigint(20) NOT NULL AUTO_INCREMENT,
  `createtime` datetime NOT NULL,
  `description` varchar(255) NOT NULL,
  `name` varchar(255) NOT NULL,
  `numbers` varchar(255) NOT NULL,
  `version` bigint(20) DEFAULT NULL,
  PRIMARY KEY (`id`)
) ENGINE=InnoDB AUTO_INCREMENT=5 DEFAULT CHARSET=utf8;

-- ----------------------------
-- Table structure for inspect_tag_rf_id
-- ----------------------------
DROP TABLE IF EXISTS `inspect_tag_rf_id`;
CREATE TABLE `inspect_tag_rf_id` (
  `id` bigint(20) NOT NULL AUTO_INCREMENT,
  `createtime` datetime NOT NULL,
  `description` varchar(255) NOT NULL,
  `numbers` varchar(255) NOT NULL,
  `name` varchar(255) NOT NULL,
  `device_id` bigint(20) NOT NULL,
  `tagcag_id` bigint(20) NOT NULL,
  `version` bigint(20) DEFAULT NULL,
  PRIMARY KEY (`id`),
  KEY `FKDFC1A1B67F483B34` (`device_id`),
  KEY `FKDFC1A1B6E5C5168B` (`tagcag_id`),
  CONSTRAINT `FKDFC1A1B67F483B34` FOREIGN KEY (`device_id`) REFERENCES `device` (`id`),
  CONSTRAINT `FKDFC1A1B6E5C5168B` FOREIGN KEY (`tagcag_id`) REFERENCES `inspect_tag` (`id`)
) ENGINE=InnoDB AUTO_INCREMENT=19 DEFAULT CHARSET=utf8;

-- ----------------------------
-- Table structure for roles
-- ----------------------------
DROP TABLE IF EXISTS `roles`;
CREATE TABLE `roles` (
  `id` bigint(20) NOT NULL AUTO_INCREMENT,
  `createtime` datetime NOT NULL,
  `rolename` varchar(255) NOT NULL,
  `version` bigint(20) DEFAULT NULL,
  PRIMARY KEY (`id`)
) ENGINE=InnoDB AUTO_INCREMENT=6 DEFAULT CHARSET=utf8;

-- ----------------------------
-- Table structure for timer
-- ----------------------------
DROP TABLE IF EXISTS `timer`;
CREATE TABLE `timer` (
  `id` int(11) NOT NULL,
  `starttime` datetime DEFAULT NULL,
  `endtime` datetime DEFAULT NULL,
  PRIMARY KEY (`id`)
) ENGINE=InnoDB DEFAULT CHARSET=utf8;

-- ----------------------------
-- Table structure for tvalue
-- ----------------------------
DROP TABLE IF EXISTS `tvalue`;
CREATE TABLE `tvalue` (
  `id` bigint(20) NOT NULL AUTO_INCREMENT,
  `tvalue` varchar(255) NOT NULL,
  `version` bigint(20) DEFAULT NULL,
  PRIMARY KEY (`id`)
) ENGINE=InnoDB AUTO_INCREMENT=4 DEFAULT CHARSET=utf8;

-- ----------------------------
-- Table structure for user
-- ----------------------------
DROP TABLE IF EXISTS `user`;
CREATE TABLE `user` (
  `id` bigint(20) NOT NULL AUTO_INCREMENT,
  `version` bigint(20) NOT NULL,
  `name` varchar(255) NOT NULL,
  `password` varchar(255) NOT NULL,
  PRIMARY KEY (`id`)
) ENGINE=InnoDB DEFAULT CHARSET=utf8;

-- ----------------------------
-- Table structure for users
-- ----------------------------
DROP TABLE IF EXISTS `users`;
CREATE TABLE `users` (
  `id` bigint(20) NOT NULL AUTO_INCREMENT,
  `birth` datetime DEFAULT NULL,
  `useraddress` varchar(255) NOT NULL,
  `userage` int(11) NOT NULL,
  `username` varchar(255) NOT NULL,
  `userpwd` varchar(255) NOT NULL,
  `usersex` varchar(255) NOT NULL,
  `urole_id` bigint(20) NOT NULL,
  `hascard` varchar(255) NOT NULL,
  `version` bigint(20) DEFAULT NULL,
  PRIMARY KEY (`id`),
  KEY `FK6A68E08A78925B2` (`urole_id`),
  CONSTRAINT `FK6A68E08A78925B2` FOREIGN KEY (`urole_id`) REFERENCES `roles` (`id`)
) ENGINE=InnoDB AUTO_INCREMENT=39 DEFAULT CHARSET=utf8;

-- ----------------------------
-- Records 
-- ----------------------------
INSERT INTO `device` VALUES ('3', '描述1', '设备1', '0001', '1', '1');
INSERT INTO `device` VALUES ('7', '门座式起重机#01', '门座式起重机#01', 'menzuo001', '0', '8');
INSERT INTO `device` VALUES ('8', '门座式起重机#02', '门座式起重机#02', 'menzuo002', '0', '8');
INSERT INTO `device` VALUES ('9', '门座式起重机#03', '门座式起重机#03', 'menzuo003', '0', '8');
INSERT INTO `device` VALUES ('10', '轮胎式集装箱门式起重机#01', '轮胎式集装箱门式起重机#01', 'luntai0001', '0', '9');
INSERT INTO `device` VALUES ('11', '轮胎式集装箱门式起重机#02', '轮胎式集装箱门式起重机#02', 'luntai0002', '0', '9');
INSERT INTO `device` VALUES ('12', '轮胎式集装箱门式起重机#03', '轮胎式集装箱门式起重机#03', 'luntai0003', '0', '9');
INSERT INTO `device_type` VALUES ('1', '2', '描述1', '设备类型1', '0001');
INSERT INTO `device_type` VALUES ('8', '0', '门座式起重机', '门座式起重机', '0001');
INSERT INTO `device_type` VALUES ('9', '0', '轮胎式集装箱门式起重机', '轮胎式集装箱门式起重机', '0002');
INSERT INTO `device_type` VALUES ('10', '0', '岸边式集装箱起重机', '岸边式集装箱起重机', '0003');
INSERT INTO `inspect_item` VALUES ('53', 'false', '2011-07-10 00:00:00', '', '手动铁鞋、锚定', '12212', '', '5', '1', '1');
INSERT INTO `inspect_item` VALUES ('54', 'false', '2013-07-14 00:00:00', '', '行走台车', '123132312', '', '5', '1', '1');
INSERT INTO `inspect_item` VALUES ('55', 'false', '2009-07-15 00:00:00', '', '电动铁鞋', '121212', '', '5', '1', '1');
INSERT INTO `inspect_item` VALUES ('56', 'false', '2010-07-20 00:00:00', '', '行走防撞缓冲器', '21221', '', '5', '1', '1');
INSERT INTO `inspect_item` VALUES ('57', 'false', '2007-07-09 00:00:00', '', '行走电机护栏', '121312', '', '5', '1', '1');
INSERT INTO `inspect_item` VALUES ('58', 'false', '2008-07-15 00:00:00', '', '行走减速箱', '123121', '', '5', '1', '1');
INSERT INTO `inspect_item` VALUES ('59', 'false', '2007-07-18 00:00:00', '', '行走开式齿轮', '121312', '', '5', '1', '1');
INSERT INTO `inspect_item` VALUES ('60', 'false', '2007-07-12 00:00:00', '', '抓斗', '1213123', '', '5', '1', '1');
INSERT INTO `inspect_item` VALUES ('61', 'false', '2009-07-22 00:00:00', '', '钢丝绳及卸扣', '12312312', '', '5', '1', '1');
INSERT INTO `inspect_item` VALUES ('62', 'false', '2007-07-17 00:00:00', '', '旋转齿轮、齿圈', '1211', 'hh', '5', '2', '1');
INSERT INTO `inspect_item` VALUES ('63', 'false', '2005-07-12 00:00:00', '', '旋转制动器', '12112123', '', '5', '3', '1');
INSERT INTO `inspect_item` VALUES ('64', 'false', '2013-07-08 00:00:00', '', '旋转减速器', '2131221', '', '5', '3', '1');
INSERT INTO `inspect_item` VALUES ('65', 'false', '2006-07-04 00:00:00', '', '旋转电机、风机', '21212', '', '5', '3', '1');
INSERT INTO `inspect_item` VALUES ('66', 'false', '2002-07-10 00:00:00', '', '起升制动器', '211212', '', '5', '3', '1');
INSERT INTO `inspect_item` VALUES ('67', 'false', '2006-07-14 00:00:00', '', '卷筒及钢丝绳', '1221', '', '5', '3', '1');
INSERT INTO `inspect_item` VALUES ('68', 'false', '2013-07-17 00:00:00', '', '起升减速箱', '121312', '', '5', '3', '1');
INSERT INTO `inspect_item` VALUES ('69', 'false', '2009-07-07 00:00:00', '', '起升电机、风机', '12312', '', '5', '3', '1');
INSERT INTO `inspect_item` VALUES ('70', 'false', '2008-08-11 00:00:00', '', '起升钢丝绳', '1212221', '', '5', '3', '1');
INSERT INTO `inspect_item` VALUES ('71', 'false', '2009-07-12 00:00:00', '', '集中滑油', '12121', '', '5', '3', '1');
INSERT INTO `inspect_item` VALUES ('72', 'false', '2006-07-06 00:00:00', '', '附属工具', '1221', '', '5', '3', '1');
INSERT INTO `inspect_item` VALUES ('73', 'false', '2013-07-11 00:00:00', '', '机房顶出绳口', '1221312', '', '5', '4', '1');
INSERT INTO `inspect_item` VALUES ('74', 'false', '2008-07-08 00:00:00', '', '变幅电机、风机', '121123', '', '5', '4', '1');
INSERT INTO `inspect_item` VALUES ('75', 'false', '2013-07-11 00:00:00', '', '变幅制动器', '12121', '', '5', '4', '1');
INSERT INTO `inspect_item` VALUES ('76', 'false', '2008-07-08 00:00:00', '', '变幅减速器', '1212133', '', '5', '4', '1');
INSERT INTO `inspect_item` VALUES ('77', 'false', '2008-07-14 00:00:00', '', '变幅齿轮、齿条、压轮', '12121', '', '5', '4', '1');
INSERT INTO `inspect_item` VALUES ('78', 'false', '2007-07-16 00:00:00', '', '变幅联轴节', '12312', '', '5', '4', '1');
INSERT INTO `inspect_item` VALUES ('79', 'false', '2002-07-09 00:00:00', '', 'S轮处', '1212', '', '5', '4', '1');
INSERT INTO `inspect_item` VALUES ('80', 'false', '2007-07-16 00:00:00', '', '各主要绞点', '123123', '', '5', '1', '1');
INSERT INTO `inspect_item` VALUES ('81', 'false', '2011-07-11 00:00:00', '', '各主要绞点', '122123', '', '5', '2', '1');
INSERT INTO `inspect_item` VALUES ('82', 'false', '2005-07-06 00:00:00', '', '各主要绞点', '12121', '', '5', '3', '1');
INSERT INTO `inspect_item` VALUES ('83', 'false', '2013-07-17 00:00:00', '', '各主要绞点', '1211', '', '5', '4', '1');
INSERT INTO `inspect_item` VALUES ('84', 'false', '2013-07-26 00:00:00', '', '梯子及栏杆', '12321', '', '5', '1', '1');
INSERT INTO `inspect_item` VALUES ('85', 'false', '2013-07-18 00:00:00', '', '梯子及栏杆', '112', '', '5', '2', '1');
INSERT INTO `inspect_item` VALUES ('86', 'false', '2013-07-18 00:00:00', '', '梯子及栏杆', '121312', '', '5', '2', '1');
INSERT INTO `inspect_item` VALUES ('87', 'false', '2013-07-11 00:00:00', '', '梯子及栏杆', '12121', '', '5', '3', '1');
INSERT INTO `inspect_item` VALUES ('88', 'false', '2013-07-17 00:00:00', '', '梯子及栏杆', '131212', '', '5', '4', '1');
INSERT INTO `inspect_item` VALUES ('89', 'false', '2013-07-17 00:00:00', '', '机房司机室卫生', '1221', '', '5', '3', '1');
INSERT INTO `inspect_item` VALUES ('90', 'false', '2013-07-17 00:00:00', '', '支持、开闭上升限位', '1221312', '', '5', '3', '1');
INSERT INTO `inspect_item` VALUES ('91', 'false', '2013-07-18 00:00:00', '', '变幅增幅、减幅限位', '11312', '', '5', '4', '1');
INSERT INTO `inspect_item` VALUES ('92', 'false', '2013-07-18 00:00:00', '', '高压电缆及电缆坑', '12312', '', '5', '1', '1');
INSERT INTO `inspect_item` VALUES ('93', 'false', '2005-07-05 00:00:00', '', '联动台指示灯', '21312312', '', '5', '3', '1');
INSERT INTO `inspect_item` VALUES ('94', 'false', '2013-07-26 00:00:00', '', '电气室空调', '1122', '', '5', '3', '1');
INSERT INTO `inspect_item` VALUES ('95', 'false', '2006-07-12 00:00:00', '', '行走声光报警', '12312', '', '5', '1', '1');
INSERT INTO `inspect_item` VALUES ('96', 'false', '2007-07-11 00:00:00', '', '机上照光灯', '11212', '', '5', '2', '1');
INSERT INTO `inspect_item` VALUES ('97', 'false', '2007-07-12 00:00:00', '', ' 机上照光灯', '2112', '', '5', '3', '1');
INSERT INTO `inspect_item` VALUES ('98', 'false', '2008-07-17 00:00:00', '', ' 机上照光灯', '11212', '', '5', '4', '1');
INSERT INTO `inspect_item` VALUES ('99', 'false', '2013-07-08 00:00:00', '', '行走左行、右行限位', '1212', '', '3', '1', '1');
INSERT INTO `inspect_item` VALUES ('100', 'false', '2007-07-15 00:00:00', '', '行走锚定限位', '122132', '', '3', '1', '1');
INSERT INTO `inspect_item` VALUES ('101', 'false', '2008-07-07 00:00:00', '', '行走防爬限位', '1212312', '', '3', '1', '1');
INSERT INTO `inspect_item` VALUES ('102', 'false', '2013-07-22 00:00:00', '', '行走电机', '121', '', '3', '1', '1');
INSERT INTO `inspect_item` VALUES ('103', 'false', '2008-07-07 00:00:00', '', '行走部分线管', '131312', '', '3', '1', '1');
INSERT INTO `inspect_item` VALUES ('104', 'false', '2013-07-11 00:00:00', '', '高压电缆及电缆架', '1221231', '', '3', '1', '1');
INSERT INTO `inspect_item` VALUES ('105', 'false', '2013-07-18 00:00:00', '', '电缆卷盘及导缆架', '1212', '', '3', '1', '1');
INSERT INTO `inspect_item` VALUES ('106', 'false', '2013-07-10 00:00:00', '', '行走声光报警', '123213', '', '3', '1', '1');
INSERT INTO `inspect_item` VALUES ('107', 'false', '2009-07-06 00:00:00', '', '中心受电器', '1212', '', '3', '2', '1');
INSERT INTO `inspect_item` VALUES ('108', 'false', '2008-07-07 00:00:00', '', '起升/开闭制动器打开限位', '12112', '', '3', '3', '1');
INSERT INTO `inspect_item` VALUES ('109', 'false', '2013-07-08 00:00:00', '', '起升/开闭上升、下降限位', '121231', '', '3', '3', '1');
INSERT INTO `inspect_item` VALUES ('110', 'false', '2013-07-09 00:00:00', '', '起升/开闭电机及风机', '2112', '', '3', '3', '1');
INSERT INTO `inspect_item` VALUES ('111', 'false', '2013-07-10 00:00:00', '', '各电器柜', '121', '', '3', '3', '1');
INSERT INTO `inspect_item` VALUES ('112', 'false', '2013-07-17 00:00:00', '', '电器柜照明', '112', '', '3', '3', '1');
INSERT INTO `inspect_item` VALUES ('113', 'false', '2013-07-12 00:00:00', '', '照明变压器', '231212', '', '3', '3', '1');
INSERT INTO `inspect_item` VALUES ('114', 'false', '2013-07-10 00:00:00', '', '旋转电机及风机', '1121', '', '3', '3', '1');
INSERT INTO `inspect_item` VALUES ('115', 'false', '2013-07-09 00:00:00', '', '旋转电机刹车', '1122', '', '3', '3', '1');
INSERT INTO `inspect_item` VALUES ('116', 'false', '2013-07-10 00:00:00', '', '联动台', '1221', '', '3', '3', '1');
INSERT INTO `inspect_item` VALUES ('117', 'false', '2013-07-09 00:00:00', '', '司机室空调', '11212', '', '3', '3', '1');
INSERT INTO `inspect_item` VALUES ('118', 'false', '2013-07-18 00:00:00', '', '监控器及重量幅度显示器', '1221', '', '3', '3', '1');
INSERT INTO `inspect_item` VALUES ('119', 'false', '2013-07-11 00:00:00', '', '电气空调', '1212', '', '3', '3', '1');
INSERT INTO `inspect_item` VALUES ('120', 'false', '2013-07-12 00:00:00', '', '机上照明灯', '21321', '', '3', '4', '1');
INSERT INTO `inspect_item` VALUES ('121', 'false', '2013-07-11 00:00:00', '', '航空灯', '122', '', '3', '4', '1');
INSERT INTO `inspect_item` VALUES ('122', 'false', '2013-07-12 00:00:00', '', '变幅增幅、减幅限位', '1221', '', '3', '4', '1');
INSERT INTO `inspect_item` VALUES ('123', 'false', '2013-07-11 00:00:00', '', '变幅电机及风机', '1231', '', '3', '4', '1');
INSERT INTO `inspect_item` VALUES ('124', 'false', '2013-07-10 00:00:00', '', '高压房', '1212', '', '3', '2', '1');
INSERT INTO `inspect_item` VALUES ('125', 'false', '2013-07-09 00:00:00', '', '司机室配电箱', '12124', '', '3', '3', '1');
INSERT INTO `inspect_item` VALUES ('126', 'false', '2013-07-18 00:00:00', '', '开闭斗脚踏', '12211', '', '3', '3', '1');
INSERT INTO `inspect_item` VALUES ('127', 'false', '2013-07-04 00:00:00', '', '1#走行减速箱', '123131', '', '4', '1', '1');
INSERT INTO `inspect_item` VALUES ('128', 'false', '2007-07-10 00:00:00', '', '2#减速机', '123123', '', '4', '1', '1');
INSERT INTO `inspect_item` VALUES ('129', 'false', '2013-07-12 00:00:00', '', '3#走行减速机', '2113', '', '4', '1', '1');
INSERT INTO `inspect_item` VALUES ('130', 'false', '2013-07-11 00:00:00', '', '4#走行减速机', '12212', '', '4', '1', '1');
INSERT INTO `inspect_item` VALUES ('131', 'false', '2013-07-11 00:00:00', '', '5#走行减速机', '1232312', '', '4', '1', '1');
INSERT INTO `inspect_item` VALUES ('132', 'false', '2013-07-11 00:00:00', '', '6#走行减速机', '21214', '', '4', '1', '1');
INSERT INTO `inspect_item` VALUES ('133', 'false', '2013-07-05 00:00:00', '', '7#走行减速机', '122112', '', '4', '1', '1');
INSERT INTO `inspect_item` VALUES ('134', 'false', '2013-07-04 00:00:00', '', '8#走行减速机', '12123', '', '4', '1', '1');
INSERT INTO `inspect_item` VALUES ('135', 'false', '2013-07-05 00:00:00', '', '左回转减速机', '12123', '', '4', '1', '1');
INSERT INTO `inspect_item` VALUES ('136', 'false', '2013-07-11 00:00:00', '', '右回转减速机', '2123', '', '4', '1', '1');
INSERT INTO `inspect_item` VALUES ('137', 'false', '2013-07-11 00:00:00', '', '支持绳减速机', '12331', '', '4', '1', '1');
INSERT INTO `inspect_item` VALUES ('138', 'false', '2013-07-11 00:00:00', '', '开闭绳减速机', '123123', '', '4', '1', '1');
INSERT INTO `inspect_item` VALUES ('139', 'false', '2013-07-17 00:00:00', '', '变幅用减速机', '21123', '', '4', '1', '1');
INSERT INTO `inspect_item` VALUES ('140', 'false', '2013-07-09 00:00:00', '', '铁鞋、锚定', '', '', '1', '1', '1');
INSERT INTO `inspect_item` VALUES ('141', 'false', '2006-07-10 00:00:00', '', '电动铁鞋', '1231', '', '1', '1', '1');
INSERT INTO `inspect_item` VALUES ('142', 'false', '2007-07-10 00:00:00', '', '卷缆装置', '12323', '', '1', '1', '1');
INSERT INTO `inspect_item` VALUES ('143', 'false', '2007-07-13 00:00:00', '', '行走台车', '1212', '', '1', '1', '1');
INSERT INTO `inspect_item` VALUES ('144', 'false', '2007-07-08 00:00:00', '', '驱动装置', '1211231', '', '1', '1', '1');
INSERT INTO `inspect_item` VALUES ('145', 'false', '2004-07-08 00:00:00', '', '行走轮', '11221', '', '1', '1', '1');
INSERT INTO `inspect_item` VALUES ('146', 'false', '2006-07-17 00:00:00', '', '极限开关', '11212', '', '1', '1', '1');
INSERT INTO `inspect_item` VALUES ('147', 'false', '2006-07-06 00:00:00', '', '报警装置', '11221', '', '1', '1', '1');
INSERT INTO `inspect_item` VALUES ('148', 'false', '2013-07-10 00:00:00', '', '齿轮齿圈', '112321', '', '1', '2', '1');
INSERT INTO `inspect_item` VALUES ('149', 'false', '2005-07-08 00:00:00', '', '旋转大轴承', '123122', '', '1', '2', '1');
INSERT INTO `inspect_item` VALUES ('150', 'false', '2003-07-17 00:00:00', '', '旋转大轴承', '123211', '', '1', '2', '1');
INSERT INTO `inspect_item` VALUES ('151', 'false', '2013-07-18 00:00:00', '', '极限联轴器', '212112', '', '1', '2', '1');
INSERT INTO `inspect_item` VALUES ('152', 'false', '2004-07-12 00:00:00', '', '电机及风机', '111212', '', '1', '2', '1');
INSERT INTO `inspect_item` VALUES ('153', 'false', '2013-07-16 00:00:00', '', '减速箱', '123123', '', '1', '3', '1');
INSERT INTO `inspect_item` VALUES ('154', 'false', '2005-07-11 00:00:00', '', '旋转制动器', '121212', '', '1', '3', '1');
INSERT INTO `inspect_item` VALUES ('155', 'false', '2007-07-10 00:00:00', '', '旋转锚定', '131212', '', '1', '3', '1');
INSERT INTO `inspect_item` VALUES ('156', 'false', '2009-07-16 00:00:00', '', '钢丝绳', '', '', '1', '3', '1');
INSERT INTO `inspect_item` VALUES ('157', 'false', '2008-07-15 00:00:00', '', '钢丝绳', '1221', '', '1', '4', '1');
INSERT INTO `inspect_item` VALUES ('158', 'false', '2007-07-17 00:00:00', '', '钢丝绳绳端', '1211', '', '1', '1', '1');
INSERT INTO `inspect_item` VALUES ('159', 'false', '2007-07-15 00:00:00', '', '滑轮', '1121221', '', '1', '4', '1');
INSERT INTO `inspect_item` VALUES ('160', 'false', '2004-07-12 00:00:00', '', '吊钩', '1111', '', '1', '1', '1');
INSERT INTO `inspect_item` VALUES ('161', 'false', '2013-07-18 00:00:00', '', '抓斗', '12242', '', '1', '1', '1');
INSERT INTO `inspect_item` VALUES ('162', 'false', '2008-07-14 00:00:00', '', '卷筒', '12424', '', '1', '3', '1');
INSERT INTO `inspect_item` VALUES ('163', 'false', '2008-07-09 00:00:00', '', '减速箱', '224242', '', '1', '3', '1');
INSERT INTO `inspect_item` VALUES ('164', 'false', '2004-07-12 00:00:00', '', '联轴器', '12322', '', '1', '3', '1');
INSERT INTO `inspect_item` VALUES ('165', 'false', '2002-07-22 00:00:00', '', '制动器', '42445', '', '1', '3', '1');
INSERT INTO `inspect_item` VALUES ('166', 'false', '2007-07-16 00:00:00', '', '电机及风机', '1122', '', '1', '3', '1');
INSERT INTO `inspect_item` VALUES ('167', 'false', '2005-07-05 00:00:00', '', '齿轮齿条', '4242', '', '1', '4', '1');
INSERT INTO `inspect_item` VALUES ('168', 'false', '2003-07-14 00:00:00', '', '减速箱', '4544654', '', '1', '4', '1');
INSERT INTO `inspect_item` VALUES ('169', 'false', '2004-07-08 00:00:00', '', '联轴器', '24542', '', '1', '4', '1');
INSERT INTO `inspect_item` VALUES ('170', 'false', '2005-07-07 00:00:00', '', '制动器', '56757', '', '1', '4', '1');
INSERT INTO `inspect_item` VALUES ('171', 'false', '2002-07-10 00:00:00', '', '电机及风机', '46546', '', '1', '4', '1');
INSERT INTO `inspect_item` VALUES ('172', 'false', '2013-07-08 00:00:00', '', '绞点', '2242', '', '1', '1', '1');
INSERT INTO `inspect_item` VALUES ('173', 'false', '2013-07-18 00:00:00', '', '绞点', '546434', '', '1', '2', '1');
INSERT INTO `inspect_item` VALUES ('174', 'false', '2006-07-06 00:00:00', '', '绞点', '645654', '', '1', '3', '1');
INSERT INTO `inspect_item` VALUES ('175', 'false', '2013-07-18 00:00:00', '', '绞点', '2423431', '', '1', '4', '1');
INSERT INTO `inspect_item` VALUES ('176', 'false', '2013-07-10 00:00:00', '', '栏杆及踏板', '34535', '', '1', '1', '1');
INSERT INTO `inspect_item` VALUES ('177', 'false', '2013-07-15 00:00:00', '', '栏杆及踏板', '435435', '', '1', '2', '1');
INSERT INTO `inspect_item` VALUES ('178', 'false', '2013-07-19 00:00:00', '', '栏杆及踏板', '6456456', '', '1', '3', '1');
INSERT INTO `inspect_item` VALUES ('179', 'false', '2013-07-19 00:00:00', '', '栏杆及踏板', '46456', '', '1', '4', '1');
INSERT INTO `inspect_item` VALUES ('180', 'false', '2013-07-17 00:00:00', '', '钢结构', '24234', '', '1', '1', '1');
INSERT INTO `inspect_item` VALUES ('181', 'false', '2013-07-18 00:00:00', '', '钢结构', '24454', '', '1', '2', '1');
INSERT INTO `inspect_item` VALUES ('182', 'false', '2013-07-26 00:00:00', '', '钢结构', '4523', '', '1', '3', '1');
INSERT INTO `inspect_item` VALUES ('183', 'false', '2006-07-10 00:00:00', '', '钢结构', '453454', '', '1', '4', '1');
INSERT INTO `inspect_item` VALUES ('184', 'false', '2007-07-12 00:00:00', '', '梯子栏杆', '55345', '', '1', '1', '1');
INSERT INTO `inspect_item` VALUES ('185', 'false', '2013-07-12 00:00:00', '', '梯子栏杆', '42424', '', '1', '2', '1');
INSERT INTO `inspect_item` VALUES ('186', 'false', '2013-07-12 00:00:00', '', '梯子栏杆', '3452', '', '1', '3', '1');
INSERT INTO `inspect_item` VALUES ('187', 'false', '2013-07-19 00:00:00', '', '梯子栏杆', '4555', '', '1', '4', '1');
INSERT INTO `inspect_item` VALUES ('188', 'false', '2013-07-03 00:00:00', '', '1#走行减速机', '2241', '', '6', '1', '1');
INSERT INTO `inspect_item` VALUES ('189', 'false', '2013-07-11 00:00:00', '', '2#走行减速机', '12442', '', '6', '1', '1');
INSERT INTO `inspect_item` VALUES ('190', 'false', '2013-07-19 00:00:00', '', '3#走行减速机', '42424', '', '6', '1', '1');
INSERT INTO `inspect_item` VALUES ('191', 'false', '2013-07-11 00:00:00', '', '4#走行减速机', '242424', '', '6', '1', '1');
INSERT INTO `inspect_item` VALUES ('192', 'false', '2013-07-11 00:00:00', '', '5#走行减速机', '2424', '', '6', '1', '1');
INSERT INTO `inspect_item` VALUES ('193', 'false', '2013-07-18 00:00:00', '', '6#走行减速机', '2424', '', '6', '1', '1');
INSERT INTO `inspect_item` VALUES ('194', 'false', '2013-07-11 00:00:00', '', '7#走行减速机', '11231', '', '6', '1', '1');
INSERT INTO `inspect_item` VALUES ('195', 'false', '2013-07-11 00:00:00', '', '8#走行减速机', '132112', '', '6', '1', '1');
INSERT INTO `inspect_item` VALUES ('196', 'false', '2013-07-04 00:00:00', '', '左回转减速机', '12321', '', '6', '3', '1');
INSERT INTO `inspect_item` VALUES ('197', 'false', '2013-07-12 00:00:00', '', '右回转减速机', '1224', '', '6', '3', '1');
INSERT INTO `inspect_item` VALUES ('198', 'false', '2013-07-11 00:00:00', '', '支持绳减速机', '1221', '', '6', '3', '1');
INSERT INTO `inspect_item` VALUES ('199', 'false', '2013-07-03 00:00:00', '', '开闭绳减速机', '1212', '', '6', '3', '1');
INSERT INTO `inspect_item` VALUES ('200', 'false', '2013-07-12 00:00:00', '', '变幅用减速机', '13121', '', '6', '4', '1');
INSERT INTO `inspect_item` VALUES ('201', 'false', '2013-07-04 00:00:00', '', '压板左开闭', '42224', '', '6', '3', '1');
INSERT INTO `inspect_item` VALUES ('202', 'false', '2013-07-11 00:00:00', '', 'S轮段 磨损 左开闭', '22421', '', '6', '4', '1');
INSERT INTO `inspect_item` VALUES ('203', 'false', '2013-07-05 00:00:00', '', 'S轮段 断丝 左开闭', '452542', '', '6', '4', '1');
INSERT INTO `inspect_item` VALUES ('204', 'false', '2008-07-07 00:00:00', '', '象鼻梁端 左开闭 磨损', '21421', '', '6', '4', '1');
INSERT INTO `inspect_item` VALUES ('205', 'false', '2013-07-11 00:00:00', '', '象鼻梁端 左开闭 断丝', '542542', '', '6', '4', '1');
INSERT INTO `inspect_item` VALUES ('206', 'false', '2013-07-23 00:00:00', '', '绳头 左开闭', '', '', '6', '1', '1');
INSERT INTO `inspect_item` VALUES ('207', 'false', '2013-07-05 00:00:00', '', '卸扣 左开闭', '23121', '', '6', '1', '1');
INSERT INTO `inspect_item` VALUES ('208', 'false', '2013-07-09 00:00:00', '', '压板 右开闭', '2424', '', '6', '3', '1');
INSERT INTO `inspect_item` VALUES ('209', 'false', '2013-07-02 00:00:00', '', '压板 右支持', '12131', '', '6', '3', '1');
INSERT INTO `inspect_item` VALUES ('210', 'false', '2013-07-11 00:00:00', '', '压板 左支持', '12211', '', '6', '3', '1');
INSERT INTO `inspect_item` VALUES ('211', 'false', '2013-07-11 00:00:00', '', 'S轮段 磨损 右开闭', '13112111', '', '6', '3', '1');
INSERT INTO `inspect_item` VALUES ('212', 'false', '2008-07-14 00:00:00', '', ' S轮段 磨损 左支持', '21121', '', '6', '3', '1');
INSERT INTO `inspect_item` VALUES ('213', 'false', '2013-07-12 00:00:00', '', ' S轮段 磨损 右支持', '13112', '', '6', '3', '1');
INSERT INTO `inspect_item` VALUES ('214', 'false', '2013-07-17 00:00:00', '', ' S轮段 断丝 右开闭', '1121', '', '6', '3', '1');
INSERT INTO `inspect_item` VALUES ('215', 'false', '2013-07-12 00:00:00', '', ' S轮段 断丝 左支持', '121212', '', '6', '3', '1');
INSERT INTO `inspect_item` VALUES ('216', 'false', '2007-07-15 00:00:00', '', ' S轮段 断丝 右支持', '2112', '', '6', '3', '1');
INSERT INTO `inspect_item` VALUES ('217', 'false', '2013-07-12 00:00:00', '', '象鼻梁段 磨损 右开闭', '1121', '', '6', '3', '1');
INSERT INTO `inspect_item` VALUES ('218', 'false', '2013-07-19 00:00:00', '', '象鼻梁段 磨损 左支持', '123121', '', '6', '3', '1');
INSERT INTO `inspect_item` VALUES ('219', 'false', '2007-07-16 00:00:00', '', '象鼻梁段 磨损 右支持', '1244', '', '6', '3', '1');
INSERT INTO `inspect_item` VALUES ('220', 'false', '2008-07-21 00:00:00', '', '象鼻梁段 断丝 右开闭', '1123', '', '6', '3', '1');
INSERT INTO `inspect_item` VALUES ('221', 'false', '2013-07-10 00:00:00', '', '象鼻梁段 断丝 左支持', '131231', '', '6', '3', '1');
INSERT INTO `inspect_item` VALUES ('222', 'false', '2013-07-12 00:00:00', '', '象鼻梁段 断丝 右支持', '11222', '', '6', '3', '1');
INSERT INTO `inspect_item` VALUES ('223', 'false', '2013-07-18 00:00:00', '', '绳头 右开闭', '1211', '', '6', '3', '1');
INSERT INTO `inspect_item` VALUES ('224', 'false', '2013-07-19 00:00:00', '', '绳头 左支持', '1121', '', '6', '3', '1');
INSERT INTO `inspect_item` VALUES ('225', 'false', '2013-07-10 00:00:00', '', '绳头 右支持', '21112', '', '6', '3', '1');
INSERT INTO `inspect_item` VALUES ('226', 'false', '2013-07-18 00:00:00', '', '卸扣 右开闭', '1212', '', '6', '3', '1');
INSERT INTO `inspect_item` VALUES ('227', 'false', '2013-07-04 00:00:00', '', '卸扣 左支持', '1312123', '', '6', '3', '1');
INSERT INTO `inspect_item` VALUES ('228', 'false', '2013-07-18 00:00:00', '', '卸扣 右支持', '1211', '', '5', '3', '1');
INSERT INTO `inspect_item` VALUES ('229', 'false', '2007-07-16 00:00:00', '', '集中润滑油箱', '13311', '', '6', '3', '1');
INSERT INTO `inspect_item` VALUES ('230', 'false', '2013-07-09 00:00:00', '', '集中润滑管路泄露检查', '123121', '', '6', '3', '1');
INSERT INTO `inspect_item` VALUES ('231', 'false', '2013-07-12 00:00:00', '', '大齿圈', '131231', '', '6', '3', '1');
INSERT INTO `inspect_item` VALUES ('232', 'false', '2005-07-11 00:00:00', '', '变幅齿圈', '1312312', '', '6', '4', '1');
INSERT INTO `inspect_item` VALUES ('233', 'false', '2007-07-15 00:00:00', '', '行走驱动齿轮', '131212', '', '6', '1', '1');
INSERT INTO `inspect_item` VALUES ('234', 'false', '2013-07-18 00:00:00', '', '开闭减速箱输入输出轴', '1212312', '', '6', '3', '1');
INSERT INTO `inspect_item` VALUES ('235', 'false', '2004-07-12 00:00:00', '', '支持减速箱输入输出轴', '121221', '', '6', '3', '1');
INSERT INTO `inspect_item` VALUES ('236', 'false', '2013-07-25 00:00:00', '', '变幅减速箱输入输出轴', '1231231', '', '6', '4', '1');
INSERT INTO `inspect_item` VALUES ('237', 'false', '2007-07-16 00:00:00', '', '开闭减速箱高速联轴箱', '11212', '', '6', '3', '1');
INSERT INTO `inspect_item` VALUES ('238', 'false', '2006-07-24 00:00:00', '', '开闭卷筒联轴箱', '213123', '', '6', '3', '1');
INSERT INTO `inspect_item` VALUES ('239', 'false', '2006-07-18 00:00:00', '', '支持减速箱高速联轴箱', '1112', '', '6', '3', '1');
INSERT INTO `inspect_item` VALUES ('240', 'false', '2013-07-10 00:00:00', '', '支持卷筒联轴器', '1231123', '', '6', '3', '1');
INSERT INTO `inspect_item` VALUES ('241', 'false', '2013-07-10 00:00:00', '', '开闭卷筒压绳器', '11212', '', '6', '3', '1');
INSERT INTO `inspect_item` VALUES ('242', 'false', '2013-07-18 00:00:00', '', '支持卷筒压绳器', '123112', '', '6', '3', '1');
INSERT INTO `inspect_item` VALUES ('243', 'false', '2013-07-11 00:00:00', '', '象鼻梁钢丝绳托辊', '1221', '', '6', '4', '1');
INSERT INTO `inspect_item` VALUES ('244', 'false', '2013-07-17 00:00:00', '', '负荷取力装置绞点', '12111', '', '6', '4', '1');
INSERT INTO `inspect_item` VALUES ('245', 'false', '2006-07-10 00:00:00', '', '起升制动器绞点', '1211', '', '6', '3', '1');
INSERT INTO `inspect_item` VALUES ('246', 'false', '2013-07-23 00:00:00', '', '开闭制动器绞点', '112312', '', '6', '3', '1');
INSERT INTO `inspect_item` VALUES ('247', 'false', '2009-07-12 00:00:00', '', '变幅制动器绞点', '1231321', '', '6', '4', '1');
INSERT INTO `inspect_item` VALUES ('248', 'false', '2009-07-12 00:00:00', '', '回转制动器绞点', '11231', '', '6', '3', '1');
INSERT INTO `inspect_item` VALUES ('249', 'false', '2007-07-23 00:00:00', '', '脚踏制动器绞点', '1212', '', '6', '3', '1');
INSERT INTO `inspect_item` VALUES ('250', 'false', '2007-07-10 00:00:00', '', '各电动铁鞋绞点', '11221', '', '6', '1', '1');
INSERT INTO `inspect_item` VALUES ('251', 'false', '2013-07-09 00:00:00', '', '大臂支座下左绞点开裂', '1211', '', '6', '3', '1');
INSERT INTO `inspect_item` VALUES ('252', 'false', '2007-07-09 00:00:00', '', '大臂支座下右绞点开裂', '121', '', '6', '3', '1');
INSERT INTO `inspect_item` VALUES ('253', 'false', '2005-07-13 00:00:00', '', '大臂上右绞点开裂', '', '', '6', '3', '1');
INSERT INTO `inspect_item` VALUES ('254', 'false', '2005-07-08 00:00:00', '', '大臂上左绞点开裂', '1211', '', '6', '3', '1');
INSERT INTO `inspect_item` VALUES ('255', 'false', '2013-07-17 00:00:00', '', '机房底根部开裂', '12111', '', '6', '3', '1');
INSERT INTO `inspect_item` VALUES ('256', 'false', '2007-07-18 00:00:00', '', '大齿圈根部开裂', '1212', '', '6', '3', '1');
INSERT INTO `inspect_item` VALUES ('257', 'false', '2007-07-16 00:00:00', '', '象鼻梁尾部各U型槽根部开裂', '12112', '', '6', '4', '1');
INSERT INTO `inspect_item` VALUES ('258', 'false', '2004-07-22 00:00:00', '', '象鼻梁头部各U型槽根部开裂', '', '', '6', '4', '1');
INSERT INTO `inspect_item` VALUES ('259', 'false', '2003-07-22 00:00:00', '', '各机构制动器底座螺栓', '121123', '', '6', '1', '1');
INSERT INTO `inspect_item` VALUES ('260', 'false', '2013-07-08 00:00:00', '', '各机构制动器底座螺栓', '13121', '', '6', '2', '1');
INSERT INTO `inspect_item` VALUES ('261', 'false', '2006-07-10 00:00:00', '', '各机构制动器底座螺栓', '1122', '', '6', '3', '1');
INSERT INTO `inspect_item` VALUES ('262', 'false', '2003-07-23 00:00:00', '', '各机构制动器底座螺栓', '13121', '', '6', '4', '1');
INSERT INTO `inspect_item` VALUES ('263', 'false', '2005-07-14 00:00:00', '', '各机构电机底座螺栓', '121212', '', '6', '1', '1');
INSERT INTO `inspect_item` VALUES ('264', 'false', '2007-07-10 00:00:00', '', '各机构电机底座螺栓', '1221', '', '6', '2', '1');
INSERT INTO `inspect_item` VALUES ('265', 'false', '2005-07-12 00:00:00', '', '各机构电机底座螺栓', '121221', '', '6', '3', '1');
INSERT INTO `inspect_item` VALUES ('266', 'false', '2007-07-17 00:00:00', '', '各机构电机底座螺栓', '112212', '', '6', '3', '1');
INSERT INTO `inspect_item` VALUES ('267', 'false', '2006-07-10 00:00:00', '', '各机构电机底座螺栓', '1212', '', '6', '4', '1');
INSERT INTO `inspect_item` VALUES ('268', 'false', '2003-07-21 00:00:00', '', '支持开闭卷筒支座及轴承盖螺栓', '131221', '', '6', '3', '1');
INSERT INTO `inspect_item` VALUES ('269', 'false', '2008-07-21 00:00:00', '', '变幅摇架支座及轴承盖螺栓', '23112', '', '6', '4', '1');
INSERT INTO `inspect_item` VALUES ('270', 'false', '2013-07-22 00:00:00', '', '合斗时无异响，斗口无变形', '1121', '', '2', '1', '1');
INSERT INTO `inspect_item` VALUES ('271', 'false', '2006-07-03 00:00:00', '', '平衡梁、平衡块平衡良好，抓斗斗体无变形', '1231212', '', '2', '1', '1');
INSERT INTO `inspect_item` VALUES ('272', 'false', '2013-07-23 00:00:00', '', '钢丝绳头连接处铝套、重型套环、卸扣无变形', '11212', '', '2', '1', '1');
INSERT INTO `inspect_item` VALUES ('273', 'false', '2008-07-14 00:00:00', '', '检查钢丝绳无断丝，楔头处无断丝', '131212', '', '2', '1', '1');
INSERT INTO `inspect_item` VALUES ('274', 'false', '2009-07-13 00:00:00', '', '钢丝绳无断丝，绳头检查同上，钩头无变形', '11121', '', '2', '1', '1');
INSERT INTO `inspect_item` VALUES ('275', 'false', '2007-07-17 00:00:00', '', '电缆卷盘无变形，行走时可靠卷放缆', '111212', '', '2', '1', '1');
INSERT INTO `inspect_item` VALUES ('276', 'false', '2007-07-17 00:00:00', '', '行走电机风机无变形，无松动', '11212', '', '2', '1', '1');
INSERT INTO `inspect_item` VALUES ('277', 'false', '2003-07-14 00:00:00', '', '行走电机、惯性制动器无异响', '111212', '', '2', '1', '1');
INSERT INTO `inspect_item` VALUES ('278', 'false', '2005-07-12 00:00:00', '', '行走减速箱无漏油', '11122', '', '2', '1', '1');
INSERT INTO `inspect_item` VALUES ('279', 'false', '2005-07-18 00:00:00', '', '行走开式齿轮无缺油', '1121', '', '2', '1', '1');
INSERT INTO `inspect_item` VALUES ('280', 'false', '2005-07-12 00:00:00', '', '电动防炮器动作可靠', '13112', '', '2', '1', '1');
INSERT INTO `inspect_item` VALUES ('281', 'false', '2002-07-14 00:00:00', '', '手动铁楔无丢失，防风拉锁无锈蚀', '11212', '', '2', '1', '1');
INSERT INTO `inspect_item` VALUES ('282', 'false', '2006-07-10 00:00:00', '', '防撞缓冲器无变形及损坏', '121221', '', '2', '1', '1');
INSERT INTO `inspect_item` VALUES ('283', 'false', '2005-07-10 00:00:00', '', '手动锚定能可靠锚定', '121221', '', '2', '1', '1');
INSERT INTO `inspect_item` VALUES ('284', 'false', '2006-07-10 00:00:00', '', '电气箱无碰撞变形', '12312', '', '2', '1', '1');
INSERT INTO `inspect_item` VALUES ('285', 'false', '2001-07-23 00:00:00', '', '行走电机风机无变形、无松动', '11221', '', '2', '1', '1');
INSERT INTO `inspect_item` VALUES ('286', 'false', '2008-07-14 00:00:00', '', '行走减速箱无漏油', '12112', '', '2', '1', '1');
INSERT INTO `inspect_item` VALUES ('287', 'false', '2006-07-12 00:00:00', '', '行走开式齿轮无缺油', '12112', '', '2', '1', '1');
INSERT INTO `inspect_item` VALUES ('288', 'false', '2013-07-15 00:00:00', '', '电动防跑器动作可靠', '13112', '', '2', '1', '1');
INSERT INTO `inspect_item` VALUES ('289', 'false', '2013-07-22 00:00:00', '', '手动铁楔无丢失，防风拉锁无锈蚀', '12121', '', '2', '1', '1');
INSERT INTO `inspect_item` VALUES ('290', 'false', '2004-07-12 00:00:00', '', '防撞缓冲器无变形及损坏', '21212', '', '2', '1', '1');
INSERT INTO `inspect_item` VALUES ('291', 'false', '2007-07-17 00:00:00', '', '行走电机风机无变形、无松动', '1212', '', '2', '1', '1');
INSERT INTO `inspect_item` VALUES ('292', 'false', '2007-07-17 00:00:00', '', '行走电机、惯性制动器无异响', '1312312', '', '2', '1', '1');
INSERT INTO `inspect_item` VALUES ('293', 'false', '2009-07-14 00:00:00', '', '行走减速箱无漏油', '11212', '', '2', '1', '1');
INSERT INTO `inspect_item` VALUES ('294', 'false', '2008-07-21 00:00:00', '', '行走开式齿轮无漏油', '2112312', '', '2', '1', '1');
INSERT INTO `inspect_item` VALUES ('295', 'false', '2006-07-11 00:00:00', '', '电动防跑器动作可靠', '11212', '', '2', '1', '1');
INSERT INTO `inspect_item` VALUES ('296', 'false', '2006-07-11 00:00:00', '', '手动铁楔无丢失，防风拉锁无锈蚀', '11121', '', '2', '1', '1');
INSERT INTO `inspect_item` VALUES ('297', 'false', '2007-07-26 00:00:00', '', '防撞缓冲器无变形及损坏', '1112', '', '2', '1', '1');
INSERT INTO `inspect_item` VALUES ('298', 'false', '2007-07-15 00:00:00', '', '手动锚定可靠锚定动作', '13121', '', '2', '1', '1');
INSERT INTO `inspect_item` VALUES ('299', 'false', '2004-07-14 00:00:00', '', '电气箱无碰撞变形', '11131', '', '2', '1', '1');
INSERT INTO `inspect_item` VALUES ('300', 'false', '2005-07-13 00:00:00', '', '行走电机风机无变形', '13131', '', '2', '1', '1');
INSERT INTO `inspect_item` VALUES ('301', 'false', '2005-07-20 00:00:00', '', '行走电机、惯性制动器无异响', '11121', '', '2', '1', '1');
INSERT INTO `inspect_item` VALUES ('302', 'false', '2005-07-12 00:00:00', '', '行走减速箱无漏油', '121212', '', '2', '1', '1');
INSERT INTO `inspect_item` VALUES ('303', 'false', '2008-07-15 00:00:00', '', '行走开式齿轮无缺油', '12112', '', '2', '1', '1');
INSERT INTO `inspect_item` VALUES ('304', 'false', '2008-07-14 00:00:00', '', '电动防跑器动作可靠', '11212', '', '2', '1', '1');
INSERT INTO `inspect_item` VALUES ('305', 'false', '2006-07-10 00:00:00', '', '手动铁楔无丢失，防风拉锁无锈蚀', '11212', '', '2', '1', '1');
INSERT INTO `inspect_item` VALUES ('306', 'false', '2013-07-15 00:00:00', '', '防撞缓冲器无变形及损坏', '131231', '', '2', '1', '1');
INSERT INTO `inspect_item` VALUES ('307', 'false', '2008-07-15 00:00:00', '', '梯子、栏杆无变形，无松动', '11212', '', '2', '1', '1');
INSERT INTO `inspect_item` VALUES ('308', 'false', '2013-07-15 00:00:00', '', '大法兰M42螺栓无松动', '1211', '', '2', '1', '1');
INSERT INTO `inspect_item` VALUES ('309', 'false', '2008-07-15 00:00:00', '', '门架内无漏水，无异物，各箱柜无晃动', '11212', '', '2', '1', '1');
INSERT INTO `inspect_item` VALUES ('310', 'false', '2013-07-15 00:00:00', '', '齿圈，小齿轮啮合良好，无漏油，无异响', '1112', '', '2', '2', '1');
INSERT INTO `inspect_item` VALUES ('311', 'false', '2013-07-22 00:00:00', '', 'M42双头螺杆无松动', '1112', '', '2', '2', '1');
INSERT INTO `inspect_item` VALUES ('312', 'false', '2008-07-22 00:00:00', '', '旋转及小齿轮接油盘污物不过多', '12312', '', '2', '2', '1');
INSERT INTO `inspect_item` VALUES ('313', 'false', '2013-07-09 00:00:00', '', '旋转刹车使用正常', '121', '', '2', '3', '1');
INSERT INTO `inspect_item` VALUES ('314', 'false', '2013-07-15 00:00:00', '', '司机室及机器房门和门锁活动灵活，使用可靠', '112312', '', '2', '3', '1');
INSERT INTO `inspect_item` VALUES ('315', 'false', '2013-07-09 00:00:00', '', '进门处旋转电机、风机无异响', '1312', '', '2', '3', '1');
INSERT INTO `inspect_item` VALUES ('316', 'false', '2013-07-15 00:00:00', '', '旋转刹车片间隙均匀且不过薄，缓冲胶圈无老化', '212131', '', '2', '3', '1');
INSERT INTO `inspect_item` VALUES ('317', 'false', '2007-07-19 00:00:00', '', '旋转减速机油位正常且无漏油', '2112', '', '2', '3', '1');
INSERT INTO `inspect_item` VALUES ('318', 'false', '2013-07-15 00:00:00', '', '旋转减速箱地脚螺栓无松动', '13131', '', '2', '3', '1');
INSERT INTO `inspect_item` VALUES ('319', 'false', '2013-07-22 00:00:00', '', '油桶内不缺油，且机房内各润滑管道接口无漏油', '112312', '', '2', '3', '1');
INSERT INTO `inspect_item` VALUES ('320', 'false', '2013-07-18 00:00:00', '', '集中润滑参数设置正确且运行一个循环工作正常', '131312', '', '2', '3', '1');
INSERT INTO `inspect_item` VALUES ('321', 'false', '2013-07-09 00:00:00', '', '旋转电机、风机无异响', '1112', '', '2', '3', '1');
INSERT INTO `inspect_item` VALUES ('322', 'false', '2013-07-08 00:00:00', '', '旋转刹车片间隙均匀且不过薄，缓冲胶圈无老化', '21312', '', '2', '3', '1');
INSERT INTO `inspect_item` VALUES ('323', 'false', '2013-07-09 00:00:00', '', '旋转减速机油位正常且无漏油', '131212', '', '2', '3', '1');
INSERT INTO `inspect_item` VALUES ('324', 'false', '2013-07-08 00:00:00', '', '旋转减速箱地脚螺栓无松动', '12122', '', '2', '3', '1');
INSERT INTO `inspect_item` VALUES ('325', 'false', '2013-07-08 00:00:00', '', '盘式制动器两侧间隙均匀且制动片不过薄', '1112', '', '2', '3', '1');
INSERT INTO `inspect_item` VALUES ('326', 'false', '2013-07-09 00:00:00', '', '制动器各绞点润滑良好', '1112', '', '2', '3', '1');
INSERT INTO `inspect_item` VALUES ('327', 'false', '2013-07-09 00:00:00', '', '减速箱油位正常，油颜色正常，地脚螺栓无松动', '1123123', '', '2', '3', '1');
INSERT INTO `inspect_item` VALUES ('328', 'false', '2013-07-10 00:00:00', '', '电机、风机及输入联轴节无异响', '1312312', '', '2', '3', '1');
INSERT INTO `inspect_item` VALUES ('329', 'false', '2013-07-16 00:00:00', '', '输出轴联轴器无异响', '112312', '', '2', '3', '1');
INSERT INTO `inspect_item` VALUES ('330', 'false', '2013-07-18 00:00:00', '', '钢板绳压板无松动，卷轴轴承支座螺栓无松动，挡板无间隙', '1112', '', '2', '3', '1');
INSERT INTO `inspect_item` VALUES ('331', 'false', '2013-07-18 00:00:00', '', '压绳轮位置正确，无变形', '1231212', '', '2', '3', '1');
INSERT INTO `inspect_item` VALUES ('332', 'false', '2013-07-09 00:00:00', '', '卷桶上钢丝绳无断丝、跳槽现象', '12312312', '', '2', '3', '1');
INSERT INTO `inspect_item` VALUES ('333', 'false', '2013-07-08 00:00:00', '', '盘式制动器两侧间隙均匀且制动片不过薄', '1212312', '', '2', '3', '1');
INSERT INTO `inspect_item` VALUES ('334', 'false', '2013-07-15 00:00:00', '', '制动器各绞点润滑良好', '111', '', '2', '3', '1');
INSERT INTO `inspect_item` VALUES ('335', 'false', '2013-07-16 00:00:00', '', '减速箱油位正常，油颜色正常，地脚螺栓无松动', '212131', '', '2', '3', '1');
INSERT INTO `inspect_item` VALUES ('336', 'false', '2013-07-16 00:00:00', '', '减速箱输入、输出以及制动器轴端无漏油', '11212', '', '2', '3', '1');
INSERT INTO `inspect_item` VALUES ('337', 'false', '2013-07-15 00:00:00', '', '电机、风机及输入轴联轴节无异响', '112321', '', '2', '3', '1');
INSERT INTO `inspect_item` VALUES ('338', 'false', '2013-07-22 00:00:00', '', '输出轴联轴器无异响', '12131', '', '2', '3', '1');
INSERT INTO `inspect_item` VALUES ('339', 'false', '2013-07-17 00:00:00', '', '钢丝绳压板无松动，卷筒轴承支座螺栓无松动，挡块无间隙', '121212', '', '2', '3', '1');
INSERT INTO `inspect_item` VALUES ('340', 'false', '2013-07-16 00:00:00', '', '压绳轮位置正确，无变形', '1112', '', '2', '3', '1');
INSERT INTO `inspect_item` VALUES ('341', 'false', '2013-07-16 00:00:00', '', '卷筒上钢丝绳无断丝、跳槽现象', '1312312', '', '2', '3', '1');
INSERT INTO `inspect_item` VALUES ('342', 'false', '2013-07-08 00:00:00', '', '集中润滑各绞点不漏油', '1121', '', '2', '3', '1');
INSERT INTO `inspect_item` VALUES ('343', 'false', '2013-07-15 00:00:00', '', '中心受电器万向节开口销无脱落', '11312', '', '2', '3', '1');
INSERT INTO `inspect_item` VALUES ('344', 'false', '2013-07-16 00:00:00', '', '旋转接油托盘处废油无过多', '1111', '', '2', '3', '1');
INSERT INTO `inspect_item` VALUES ('345', 'false', '2013-07-15 00:00:00', '', '联轴用高强度螺栓无松动', '1131', '', '2', '3', '1');
INSERT INTO `inspect_item` VALUES ('346', 'false', '2013-07-09 00:00:00', '', '钢丝绳出绳口螺栓无松动，转动灵活，铜块无脱落', '111', '', '2', '4', '1');
INSERT INTO `inspect_item` VALUES ('347', 'false', '2013-07-08 00:00:00', '', '集中润滑各连接点无滑油', '121312', '', '2', '4', '1');
INSERT INTO `inspect_item` VALUES ('348', 'false', '2013-07-15 00:00:00', '', '人字架与机器房顶连接螺栓无松动', '1311', '', '2', '4', '1');
INSERT INTO `inspect_item` VALUES ('349', 'false', '2013-07-17 00:00:00', '', '门机低速做起升动作检查钢丝绳断丝磨损情况', '112212', '', '2', '4', '1');
INSERT INTO `inspect_item` VALUES ('350', 'false', '2013-07-08 00:00:00', '', '房顶无油污或其他杂物', '1212312', '', '2', '4', '1');
INSERT INTO `inspect_item` VALUES ('351', 'false', '2013-07-08 00:00:00', '', '电机、风机、联轴节无异响', '131212', '', '2', '4', '1');
INSERT INTO `inspect_item` VALUES ('352', 'false', '2013-07-09 00:00:00', '', '集中润滑各接点无漏油，地面无油污', '1112', '', '2', '4', '1');
INSERT INTO `inspect_item` VALUES ('353', 'false', '2013-07-08 00:00:00', '', '齿条无缺油，压轮无松动', '113123', '', '2', '4', '1');
INSERT INTO `inspect_item` VALUES ('354', 'false', '2013-07-09 00:00:00', '', '地脚螺栓无松动、挡块无间隙', '112312', '', '2', '4', '1');
INSERT INTO `inspect_item` VALUES ('355', 'false', '2013-07-08 00:00:00', '', '低速联轴节无异响，工作正常', '1312', '', '2', '4', '1');
INSERT INTO `inspect_item` VALUES ('356', 'false', '2013-07-08 00:00:00', '', '减速箱输入，输出轴无漏油，油位正常', '12112', '', '2', '4', '1');
INSERT INTO `inspect_item` VALUES ('357', 'false', '2013-07-09 00:00:00', '', '轮式制动器动作灵活，液力推动器位置正确', '1112', '', '2', '4', '1');
INSERT INTO `inspect_item` VALUES ('358', 'false', '2013-07-10 00:00:00', '', '制动片不过薄，打开时双侧间隙均匀', '1312312', '', '2', '4', '1');
INSERT INTO `inspect_item` VALUES ('359', 'false', '2013-07-08 00:00:00', '', '各滑轮无异响，滑轮钢丝绳防跳防槽可靠有效', '1·21112', '', '2', '4', '1');
INSERT INTO `inspect_item` VALUES ('360', 'false', '2013-07-08 00:00:00', '', '滑油油污不严重，滑轮轴承盖螺栓无松动', '1121', '', '2', '4', '1');
INSERT INTO `inspect_item` VALUES ('361', 'false', '2013-07-18 00:00:00', '', '集中润滑分配器及润滑终点接头无漏油', '112121', '', '2', '4', '1');
INSERT INTO `inspect_item` VALUES ('362', 'false', '2013-07-10 00:00:00', '', '平衡量支撑架下焊缝无裂纹', '11212', '', '2', '4', '1');
INSERT INTO `inspect_item` VALUES ('363', 'false', '2013-07-08 00:00:00', '', '平衡梁钢结构无开裂变形', '131312', '', '2', '4', '1');
INSERT INTO `inspect_item` VALUES ('364', 'false', '2008-07-13 00:00:00', '', '绞点润滑良好，油污无过多', '131212', '', '2', '4', '1');
INSERT INTO `inspect_item` VALUES ('365', 'false', '2013-07-08 00:00:00', '', '栏杆无变形', '1311', '', '2', '4', '1');
INSERT INTO `inspect_item` VALUES ('366', 'false', '2013-07-15 00:00:00', '', '托绳轮油污无过多', '11311', '', '2', '4', '1');
INSERT INTO `inspect_item` VALUES ('367', 'false', '2013-07-15 00:00:00', '', '大拉杆钢结构无变形无裂纹', '131212', '', '2', '4', '1');
INSERT INTO `inspect_item` VALUES ('368', 'false', '2013-07-21 00:00:00', '', '钢结构无开裂变形', '11131', '', '2', '4', '1');
INSERT INTO `inspect_item` VALUES ('369', 'false', '2013-07-16 00:00:00', '', '顶端滑轮组罩无变形，钢丝绳防跳槽装置可靠有效', '111212', '', '2', '4', '1');
INSERT INTO `inspect_item` VALUES ('370', 'false', '2013-07-09 00:00:00', '', '集中润滑分配器连接头无滑油', '12313', '', '2', '4', '1');
INSERT INTO `inspect_item` VALUES ('371', 'false', '2013-07-09 00:00:00', '', '底部滑轮组罩无变形，钢丝绳防跳槽装置可靠有效', '1121', '', '2', '4', '1');
INSERT INTO `inspect_item` VALUES ('372', 'false', '2013-07-16 00:00:00', '', '底部脚踏平台及栏杆无开裂变形', '13121', '', '2', '4', '1');
INSERT INTO `inspect_item` VALUES ('373', 'false', '2013-07-08 00:00:00', '', '象鼻梁与大臂绞点处无裂纹', '11231', '', '2', '4', '1');
INSERT INTO `inspect_item` VALUES ('374', 'false', '2013-07-15 00:00:00', '', '栏杆无变形开焊', '11212', '', '2', '3', '1');
INSERT INTO `inspect_item` VALUES ('375', 'false', '2010-07-12 00:00:00', '', '油污无过多', '1121', '', '2', '3', '1');
INSERT INTO `inspect_item` VALUES ('376', 'false', '2009-07-06 00:00:00', '', '大臂与机房连接绞点无裂纹，支座底焊缝无开裂', '1212', '', '2', '3', '1');
INSERT INTO `inspect_item_rec` VALUES ('5870', '2013-09-05 15:12:00', '1', '1', '139', '140', '1', '1', '7', null);
INSERT INTO `inspect_item_rec` VALUES ('5871', '2013-09-05 15:12:00', '1', '1', '139', '141', '1', '1', '7', null);
INSERT INTO `inspect_item_rec` VALUES ('5872', '2013-09-05 15:12:00', '1', '1', '139', '142', '1', '1', '7', null);
INSERT INTO `inspect_item_rec` VALUES ('5873', '2013-09-05 15:12:00', '1', '1', '139', '143', '1', '1', '7', null);
INSERT INTO `inspect_item_rec` VALUES ('5874', '2013-09-05 15:12:00', '1', '1', '139', '144', '1', '1', '7', null);
INSERT INTO `inspect_item_rec` VALUES ('5875', '2013-09-05 15:12:00', '1', '1', '139', '145', '1', '1', '7', null);
INSERT INTO `inspect_item_rec` VALUES ('5876', '2013-09-05 15:12:00', '1', '1', '139', '146', '1', '1', '7', null);
INSERT INTO `inspect_item_rec` VALUES ('5877', '2013-09-05 15:12:00', '1', '1', '139', '147', '1', '1', '7', null);
INSERT INTO `inspect_item_rec` VALUES ('5878', '2013-09-05 15:12:00', '1', '1', '139', '158', '1', '1', '7', null);
INSERT INTO `inspect_item_rec` VALUES ('5879', '2013-09-05 15:12:00', '1', '1', '139', '160', '1', '1', '7', null);
INSERT INTO `inspect_item_rec` VALUES ('5880', '2013-09-05 15:12:00', '1', '1', '139', '161', '1', '1', '7', null);
INSERT INTO `inspect_item_rec` VALUES ('5881', '2013-09-05 15:12:00', '1', '1', '139', '172', '1', '1', '7', null);
INSERT INTO `inspect_item_rec` VALUES ('5882', '2013-09-05 15:12:00', '1', '1', '139', '176', '1', '1', '7', null);
INSERT INTO `inspect_item_rec` VALUES ('5883', '2013-09-05 15:12:00', '1', '1', '139', '180', '1', '1', '7', null);
INSERT INTO `inspect_item_rec` VALUES ('5884', '2013-09-05 15:12:00', '1', '1', '139', '184', '1', '1', '7', null);
INSERT INTO `inspect_item_rec` VALUES ('5885', '2013-09-05 15:12:00', '1', '1', '139', '148', '2', '1', '7', null);
INSERT INTO `inspect_item_rec` VALUES ('5886', '2013-09-05 15:12:00', '1', '1', '139', '150', '2', '1', '7', null);
INSERT INTO `inspect_item_rec` VALUES ('5887', '2013-09-05 15:12:00', '2', '1', '139', '150', '2', '1', '7', null);
INSERT INTO `inspect_item_rec` VALUES ('5888', '2013-09-05 15:12:00', '1', '1', '139', '151', '2', '1', '7', null);
INSERT INTO `inspect_item_rec` VALUES ('5889', '2013-09-05 15:12:00', '1', '1', '139', '152', '2', '1', '7', null);
INSERT INTO `inspect_item_rec` VALUES ('5890', '2013-09-05 15:12:00', '1', '1', '139', '173', '2', '1', '7', null);
INSERT INTO `inspect_item_rec` VALUES ('5891', '2013-09-05 15:12:00', '2', '1', '139', '177', '2', '1', '7', null);
INSERT INTO `inspect_item_rec` VALUES ('5892', '2013-09-05 15:12:00', '3', '1', '139', '181', '2', '1', '7', null);
INSERT INTO `inspect_item_rec` VALUES ('5893', '2013-09-05 15:12:00', '1', '1', '139', '185', '2', '1', '7', null);
INSERT INTO `inspect_item_rec` VALUES ('5894', '2013-09-05 15:12:00', '1', '1', '139', '163', '3', '1', '7', null);
INSERT INTO `inspect_item_rec` VALUES ('5895', '2013-09-05 15:12:00', '1', '1', '139', '154', '3', '1', '7', null);
INSERT INTO `inspect_item_rec` VALUES ('5896', '2013-09-05 15:12:00', '1', '1', '139', '155', '3', '1', '7', null);
INSERT INTO `inspect_item_rec` VALUES ('5897', '2013-09-05 15:12:00', '1', '1', '139', '156', '3', '1', '7', null);
INSERT INTO `inspect_item_rec` VALUES ('5898', '2013-09-05 15:12:00', '3', '1', '139', '162', '3', '1', '7', null);
INSERT INTO `inspect_item_rec` VALUES ('5899', '2013-09-05 15:12:00', '1', '1', '139', '163', '3', '1', '7', null);
INSERT INTO `inspect_item_rec` VALUES ('5900', '2013-09-05 15:12:00', '1', '1', '139', '164', '3', '1', '7', null);
INSERT INTO `inspect_item_rec` VALUES ('5901', '2013-09-05 15:12:00', '1', '1', '139', '165', '3', '1', '7', null);
INSERT INTO `inspect_item_rec` VALUES ('5902', '2013-09-05 15:12:00', '1', '1', '139', '166', '3', '1', '7', null);
INSERT INTO `inspect_item_rec` VALUES ('5903', '2013-09-05 15:12:00', '3', '1', '139', '174', '3', '1', '7', null);
INSERT INTO `inspect_item_rec` VALUES ('5904', '2013-09-05 15:12:00', '1', '1', '139', '178', '3', '1', '7', null);
INSERT INTO `inspect_item_rec` VALUES ('5905', '2013-09-05 15:12:00', '1', '1', '139', '182', '3', '1', '7', null);
INSERT INTO `inspect_item_rec` VALUES ('5906', '2013-09-05 15:12:00', '1', '1', '139', '186', '3', '1', '7', null);
INSERT INTO `inspect_item_rec` VALUES ('5907', '2013-09-05 15:12:00', '1', '1', '139', '157', '4', '1', '7', null);
INSERT INTO `inspect_item_rec` VALUES ('5908', '2013-09-05 15:12:00', '2', '1', '139', '159', '4', '1', '7', null);
INSERT INTO `inspect_item_rec` VALUES ('5909', '2013-09-05 15:12:00', '1', '1', '139', '167', '4', '1', '7', null);
INSERT INTO `inspect_item_rec` VALUES ('5910', '2013-09-05 15:12:00', '3', '1', '139', '168', '4', '1', '7', null);
INSERT INTO `inspect_item_rec` VALUES ('5911', '2013-09-05 15:12:00', '1', '1', '139', '169', '4', '1', '7', null);
INSERT INTO `inspect_item_rec` VALUES ('5912', '2013-09-05 15:12:00', '1', '1', '139', '170', '4', '1', '7', null);
INSERT INTO `inspect_item_rec` VALUES ('5913', '2013-09-05 15:12:00', '2', '1', '139', '171', '4', '1', '7', null);
INSERT INTO `inspect_item_rec` VALUES ('5914', '2013-09-05 15:12:00', '1', '1', '139', '175', '4', '1', '7', null);
INSERT INTO `inspect_item_rec` VALUES ('5915', '2013-09-05 15:12:00', '1', '1', '139', '179', '4', '1', '7', null);
INSERT INTO `inspect_item_rec` VALUES ('5916', '2013-09-05 15:12:00', '1', '1', '139', '183', '4', '1', '7', null);
INSERT INTO `inspect_item_rec` VALUES ('5917', '2013-09-05 15:12:00', '2', '1', '139', '187', '4', '1', '7', null);
INSERT INTO `inspect_item_rec` VALUES ('5918', '2013-09-04 14:43:00', '1', '2', '140', '270', '1', '2', '8', null);
INSERT INTO `inspect_item_rec` VALUES ('5919', '2013-09-04 14:43:00', '1', '2', '140', '271', '1', '2', '8', null);
INSERT INTO `inspect_item_rec` VALUES ('5920', '2013-09-04 14:43:00', '3', '2', '140', '272', '1', '2', '8', null);
INSERT INTO `inspect_item_rec` VALUES ('5921', '2013-09-04 14:43:00', '1', '2', '140', '273', '1', '2', '8', null);
INSERT INTO `inspect_item_rec` VALUES ('5922', '2013-09-04 14:43:00', '1', '2', '140', '274', '1', '2', '8', null);
INSERT INTO `inspect_item_rec` VALUES ('5923', '2013-09-04 14:43:00', '1', '2', '140', '275', '1', '2', '8', null);
INSERT INTO `inspect_item_rec` VALUES ('5924', '2013-09-04 14:43:00', '2', '2', '140', '276', '1', '2', '8', null);
INSERT INTO `inspect_item_rec` VALUES ('5925', '2013-09-04 14:43:00', '1', '2', '140', '301', '1', '2', '8', null);
INSERT INTO `inspect_item_rec` VALUES ('5926', '2013-09-04 14:43:00', '1', '2', '140', '302', '1', '2', '8', null);
INSERT INTO `inspect_item_rec` VALUES ('5927', '2013-09-04 14:43:00', '1', '2', '140', '303', '1', '2', '8', null);
INSERT INTO `inspect_item_rec` VALUES ('5928', '2013-09-04 14:43:00', '3', '2', '140', '280', '1', '2', '8', null);
INSERT INTO `inspect_item_rec` VALUES ('5929', '2013-09-04 14:43:00', '1', '2', '140', '305', '1', '2', '8', null);
INSERT INTO `inspect_item_rec` VALUES ('5930', '2013-09-04 14:43:00', '1', '2', '140', '306', '1', '2', '8', null);
INSERT INTO `inspect_item_rec` VALUES ('5931', '2013-09-04 14:43:00', '2', '2', '140', '283', '1', '2', '8', null);
INSERT INTO `inspect_item_rec` VALUES ('5932', '2013-09-04 14:43:00', '1', '2', '140', '299', '1', '2', '8', null);
INSERT INTO `inspect_item_rec` VALUES ('5933', '2013-09-04 14:43:00', '2', '2', '140', '291', '1', '2', '8', null);
INSERT INTO `inspect_item_rec` VALUES ('5934', '2013-09-04 14:43:00', '1', '2', '140', '302', '1', '2', '8', null);
INSERT INTO `inspect_item_rec` VALUES ('5935', '2013-09-04 14:43:00', '1', '2', '140', '303', '1', '2', '8', null);
INSERT INTO `inspect_item_rec` VALUES ('5936', '2013-09-04 14:43:00', '3', '2', '140', '304', '1', '2', '8', null);
INSERT INTO `inspect_item_rec` VALUES ('5937', '2013-09-04 14:43:00', '1', '2', '140', '305', '1', '2', '8', null);
INSERT INTO `inspect_item_rec` VALUES ('5938', '2013-09-04 14:43:00', '1', '2', '140', '306', '1', '2', '8', null);
INSERT INTO `inspect_item_rec` VALUES ('5939', '2013-09-04 14:43:00', '3', '2', '140', '291', '1', '2', '8', null);
INSERT INTO `inspect_item_rec` VALUES ('5940', '2013-09-04 14:43:00', '1', '2', '140', '301', '1', '2', '8', null);
INSERT INTO `inspect_item_rec` VALUES ('5941', '2013-09-04 14:43:00', '1', '2', '140', '302', '1', '2', '8', null);
INSERT INTO `inspect_item_rec` VALUES ('5942', '2013-09-04 14:43:00', '1', '2', '140', '294', '1', '2', '8', null);
INSERT INTO `inspect_item_rec` VALUES ('5943', '2013-09-04 14:43:00', '3', '2', '140', '304', '1', '2', '8', null);
INSERT INTO `inspect_item_rec` VALUES ('5944', '2013-09-04 14:43:00', '2', '2', '140', '305', '1', '2', '8', null);
INSERT INTO `inspect_item_rec` VALUES ('5945', '2013-09-04 14:43:00', '1', '2', '140', '306', '1', '2', '8', null);
INSERT INTO `inspect_item_rec` VALUES ('5946', '2013-09-04 14:43:00', '2', '2', '140', '298', '1', '2', '8', null);
INSERT INTO `inspect_item_rec` VALUES ('5947', '2013-09-04 14:43:00', '1', '2', '140', '299', '1', '2', '8', null);
INSERT INTO `inspect_item_rec` VALUES ('5948', '2013-09-04 14:43:00', '1', '2', '140', '300', '1', '2', '8', null);
INSERT INTO `inspect_item_rec` VALUES ('5949', '2013-09-04 14:43:00', '1', '2', '140', '301', '1', '2', '8', null);
INSERT INTO `inspect_item_rec` VALUES ('5950', '2013-09-04 14:43:00', '1', '2', '140', '302', '1', '2', '8', null);
INSERT INTO `inspect_item_rec` VALUES ('5951', '2013-09-04 14:43:00', '1', '2', '140', '303', '1', '2', '8', null);
INSERT INTO `inspect_item_rec` VALUES ('5952', '2013-09-04 14:43:00', '2', '2', '140', '304', '1', '2', '8', null);
INSERT INTO `inspect_item_rec` VALUES ('5953', '2013-09-04 14:43:00', '1', '2', '140', '305', '1', '2', '8', null);
INSERT INTO `inspect_item_rec` VALUES ('5954', '2013-09-04 14:43:00', '1', '2', '140', '306', '1', '2', '8', null);
INSERT INTO `inspect_item_rec` VALUES ('5955', '2013-09-04 14:43:00', '1', '2', '140', '307', '1', '2', '8', null);
INSERT INTO `inspect_item_rec` VALUES ('5956', '2013-09-04 14:43:00', '1', '2', '140', '308', '1', '2', '8', null);
INSERT INTO `inspect_item_rec` VALUES ('5957', '2013-09-04 14:43:00', '1', '2', '140', '309', '1', '2', '8', null);
INSERT INTO `inspect_item_rec` VALUES ('5958', '2013-09-04 14:43:00', '2', '2', '140', '310', '2', '2', '8', null);
INSERT INTO `inspect_item_rec` VALUES ('5959', '2013-09-04 14:43:00', '1', '2', '140', '311', '2', '2', '8', null);
INSERT INTO `inspect_item_rec` VALUES ('5960', '2013-09-04 14:43:00', '1', '2', '140', '312', '2', '2', '8', null);
INSERT INTO `inspect_item_rec` VALUES ('5961', '2013-09-04 14:43:00', '2', '2', '140', '313', '3', '2', '8', null);
INSERT INTO `inspect_item_rec` VALUES ('5962', '2013-09-04 14:43:00', '1', '2', '140', '314', '3', '2', '8', null);
INSERT INTO `inspect_item_rec` VALUES ('5963', '2013-09-04 14:43:00', '2', '2', '140', '315', '3', '2', '8', null);
INSERT INTO `inspect_item_rec` VALUES ('5964', '2013-09-04 14:43:00', '1', '2', '140', '322', '3', '2', '8', null);
INSERT INTO `inspect_item_rec` VALUES ('5965', '2013-09-04 14:43:00', '1', '2', '140', '323', '3', '2', '8', null);
INSERT INTO `inspect_item_rec` VALUES ('5966', '2013-09-04 14:43:00', '1', '2', '140', '324', '3', '2', '8', null);
INSERT INTO `inspect_item_rec` VALUES ('5967', '2013-09-04 14:43:00', '3', '2', '140', '319', '3', '2', '8', null);
INSERT INTO `inspect_item_rec` VALUES ('5968', '2013-09-04 14:43:00', '1', '2', '140', '320', '3', '2', '8', null);
INSERT INTO `inspect_item_rec` VALUES ('5969', '2013-09-04 14:43:00', '1', '2', '140', '321', '3', '2', '8', null);
INSERT INTO `inspect_item_rec` VALUES ('5970', '2013-09-04 14:43:00', '2', '2', '140', '322', '3', '2', '8', null);
INSERT INTO `inspect_item_rec` VALUES ('5971', '2013-09-04 14:43:00', '1', '2', '140', '323', '3', '2', '8', null);
INSERT INTO `inspect_item_rec` VALUES ('5972', '2013-09-04 14:43:00', '1', '2', '140', '324', '3', '2', '8', null);
INSERT INTO `inspect_item_rec` VALUES ('5973', '2013-09-04 14:43:00', '1', '2', '140', '333', '3', '2', '8', null);
INSERT INTO `inspect_item_rec` VALUES ('5974', '2013-09-04 14:43:00', '1', '2', '140', '334', '3', '2', '8', null);
INSERT INTO `inspect_item_rec` VALUES ('5975', '2013-09-04 14:43:00', '1', '2', '140', '335', '3', '2', '8', null);
INSERT INTO `inspect_item_rec` VALUES ('5976', '2013-09-04 14:43:00', '1', '2', '140', '328', '3', '2', '8', null);
INSERT INTO `inspect_item_rec` VALUES ('5977', '2013-09-04 14:43:00', '1', '2', '140', '338', '3', '2', '8', null);
INSERT INTO `inspect_item_rec` VALUES ('5978', '2013-09-04 14:43:00', '1', '2', '140', '330', '3', '2', '8', null);
INSERT INTO `inspect_item_rec` VALUES ('5979', '2013-09-04 14:43:00', '1', '2', '140', '340', '3', '2', '8', null);
INSERT INTO `inspect_item_rec` VALUES ('5980', '2013-09-04 14:43:00', '3', '2', '140', '332', '3', '2', '8', null);
INSERT INTO `inspect_item_rec` VALUES ('5981', '2013-09-04 14:43:00', '2', '2', '140', '333', '3', '2', '8', null);
INSERT INTO `inspect_item_rec` VALUES ('5982', '2013-09-04 14:43:00', '1', '2', '140', '334', '3', '2', '8', null);
INSERT INTO `inspect_item_rec` VALUES ('5983', '2013-09-04 14:43:00', '3', '2', '140', '335', '3', '2', '8', null);
INSERT INTO `inspect_item_rec` VALUES ('5984', '2013-09-04 14:43:00', '3', '2', '140', '336', '3', '2', '8', null);
INSERT INTO `inspect_item_rec` VALUES ('5985', '2013-09-04 14:43:00', '1', '2', '140', '337', '3', '2', '8', null);
INSERT INTO `inspect_item_rec` VALUES ('5986', '2013-09-04 14:43:00', '1', '2', '140', '338', '3', '2', '8', null);
INSERT INTO `inspect_item_rec` VALUES ('5987', '2013-09-04 14:43:00', '1', '2', '140', '339', '3', '2', '8', null);
INSERT INTO `inspect_item_rec` VALUES ('5988', '2013-09-04 14:43:00', '1', '2', '140', '340', '3', '2', '8', null);
INSERT INTO `inspect_item_rec` VALUES ('5989', '2013-09-04 14:43:00', '1', '2', '140', '341', '3', '2', '8', null);
INSERT INTO `inspect_item_rec` VALUES ('5990', '2013-09-04 14:43:00', '1', '2', '140', '342', '3', '2', '8', null);
INSERT INTO `inspect_item_rec` VALUES ('5991', '2013-09-04 14:43:00', '1', '2', '140', '343', '3', '2', '8', null);
INSERT INTO `inspect_item_rec` VALUES ('5992', '2013-09-04 14:43:00', '1', '2', '140', '344', '3', '2', '8', null);
INSERT INTO `inspect_item_rec` VALUES ('5993', '2013-09-04 14:43:00', '1', '2', '140', '345', '3', '2', '8', null);
INSERT INTO `inspect_item_rec` VALUES ('5994', '2013-09-04 14:43:00', '1', '2', '140', '374', '3', '2', '8', null);
INSERT INTO `inspect_item_rec` VALUES ('5995', '2013-09-04 14:43:00', '1', '2', '140', '375', '3', '2', '8', null);
INSERT INTO `inspect_item_rec` VALUES ('5996', '2013-09-04 14:43:00', '1', '2', '140', '376', '3', '2', '8', null);
INSERT INTO `inspect_item_rec` VALUES ('5997', '2013-09-04 14:43:00', '1', '2', '140', '346', '4', '2', '8', null);
INSERT INTO `inspect_item_rec` VALUES ('5998', '2013-09-04 14:43:00', '1', '2', '140', '347', '4', '2', '8', null);
INSERT INTO `inspect_item_rec` VALUES ('5999', '2013-09-04 14:43:00', '1', '2', '140', '348', '4', '2', '8', null);
INSERT INTO `inspect_item_rec` VALUES ('6000', '2013-09-04 14:43:00', '1', '2', '140', '349', '4', '2', '8', null);
INSERT INTO `inspect_item_rec` VALUES ('6001', '2013-09-04 14:43:00', '1', '2', '140', '350', '4', '2', '8', null);
INSERT INTO `inspect_item_rec` VALUES ('6002', '2013-09-04 14:43:00', '1', '2', '140', '351', '4', '2', '8', null);
INSERT INTO `inspect_item_rec` VALUES ('6003', '2013-09-04 14:43:00', '1', '2', '140', '352', '4', '2', '8', null);
INSERT INTO `inspect_item_rec` VALUES ('6004', '2013-09-04 14:43:00', '1', '2', '140', '353', '4', '2', '8', null);
INSERT INTO `inspect_item_rec` VALUES ('6005', '2013-09-04 14:43:00', '1', '2', '140', '354', '4', '2', '8', null);
INSERT INTO `inspect_item_rec` VALUES ('6006', '2013-09-04 14:43:00', '2', '2', '140', '355', '4', '2', '8', null);
INSERT INTO `inspect_item_rec` VALUES ('6007', '2013-09-04 14:43:00', '1', '2', '140', '356', '4', '2', '8', null);
INSERT INTO `inspect_item_rec` VALUES ('6008', '2013-09-04 14:43:00', '1', '2', '140', '357', '4', '2', '8', null);
INSERT INTO `inspect_item_rec` VALUES ('6009', '2013-09-04 14:43:00', '1', '2', '140', '358', '4', '2', '8', null);
INSERT INTO `inspect_item_rec` VALUES ('6010', '2013-09-04 14:43:00', '1', '2', '140', '359', '4', '2', '8', null);
INSERT INTO `inspect_item_rec` VALUES ('6011', '2013-09-04 14:43:00', '1', '2', '140', '360', '4', '2', '8', null);
INSERT INTO `inspect_item_rec` VALUES ('6012', '2013-09-04 14:43:00', '1', '2', '140', '361', '4', '2', '8', null);
INSERT INTO `inspect_item_rec` VALUES ('6013', '2013-09-04 14:43:00', '1', '2', '140', '362', '4', '2', '8', null);
INSERT INTO `inspect_item_rec` VALUES ('6014', '2013-09-04 14:43:00', '1', '2', '140', '363', '4', '2', '8', null);
INSERT INTO `inspect_item_rec` VALUES ('6015', '2013-09-04 14:43:00', '1', '2', '140', '364', '4', '2', '8', null);
INSERT INTO `inspect_item_rec` VALUES ('6016', '2013-09-04 14:43:00', '3', '2', '140', '365', '4', '2', '8', null);
INSERT INTO `inspect_item_rec` VALUES ('6017', '2013-09-04 14:43:00', '3', '2', '140', '366', '4', '2', '8', null);
INSERT INTO `inspect_item_rec` VALUES ('6018', '2013-09-04 14:43:00', '1', '2', '140', '367', '4', '2', '8', null);
INSERT INTO `inspect_item_rec` VALUES ('6019', '2013-09-04 14:43:00', '1', '2', '140', '368', '4', '2', '8', null);
INSERT INTO `inspect_item_rec` VALUES ('6020', '2013-09-04 14:43:00', '1', '2', '140', '369', '4', '2', '8', null);
INSERT INTO `inspect_item_rec` VALUES ('6021', '2013-09-04 14:43:00', '1', '2', '140', '370', '4', '2', '8', null);
INSERT INTO `inspect_item_rec` VALUES ('6022', '2013-09-04 14:43:00', '1', '2', '140', '371', '4', '2', '8', null);
INSERT INTO `inspect_item_rec` VALUES ('6023', '2013-09-04 14:43:00', '1', '2', '140', '372', '4', '2', '8', null);
INSERT INTO `inspect_item_rec` VALUES ('6024', '2013-09-04 14:43:00', '1', '2', '140', '373', '4', '2', '8', null);
INSERT INTO `inspect_item_rec` VALUES ('6025', '2013-09-05 14:56:00', '1', '3', '141', '99', '1', '3', '9', null);
INSERT INTO `inspect_item_rec` VALUES ('6026', '2013-09-05 14:56:00', '2', '3', '141', '100', '1', '3', '9', null);
INSERT INTO `inspect_item_rec` VALUES ('6027', '2013-09-05 14:56:00', '1', '3', '141', '101', '1', '3', '9', null);
INSERT INTO `inspect_item_rec` VALUES ('6028', '2013-09-05 14:56:00', '1', '3', '141', '102', '1', '3', '9', null);
INSERT INTO `inspect_item_rec` VALUES ('6029', '2013-09-05 14:56:00', '2', '3', '141', '103', '1', '3', '9', null);
INSERT INTO `inspect_item_rec` VALUES ('6030', '2013-09-05 14:56:00', '2', '3', '141', '104', '1', '3', '9', null);
INSERT INTO `inspect_item_rec` VALUES ('6031', '2013-09-05 14:56:00', '2', '3', '141', '105', '1', '3', '9', null);
INSERT INTO `inspect_item_rec` VALUES ('6032', '2013-09-05 14:56:00', '1', '3', '141', '106', '1', '3', '9', null);
INSERT INTO `inspect_item_rec` VALUES ('6033', '2013-09-05 14:56:00', '1', '3', '141', '107', '2', '3', '9', null);
INSERT INTO `inspect_item_rec` VALUES ('6034', '2013-09-05 14:56:00', '3', '3', '141', '124', '2', '3', '9', null);
INSERT INTO `inspect_item_rec` VALUES ('6035', '2013-09-05 14:56:00', '2', '3', '141', '108', '3', '3', '9', null);
INSERT INTO `inspect_item_rec` VALUES ('6036', '2013-09-05 14:56:00', '1', '3', '141', '109', '3', '3', '9', null);
INSERT INTO `inspect_item_rec` VALUES ('6037', '2013-09-05 14:56:00', '1', '3', '141', '110', '3', '3', '9', null);
INSERT INTO `inspect_item_rec` VALUES ('6038', '2013-09-05 14:56:00', '3', '3', '141', '111', '3', '3', '9', null);
INSERT INTO `inspect_item_rec` VALUES ('6039', '2013-09-05 14:56:00', '1', '3', '141', '112', '3', '3', '9', null);
INSERT INTO `inspect_item_rec` VALUES ('6040', '2013-09-05 14:56:00', '1', '3', '141', '113', '3', '3', '9', null);
INSERT INTO `inspect_item_rec` VALUES ('6041', '2013-09-05 14:56:00', '2', '3', '141', '114', '3', '3', '9', null);
INSERT INTO `inspect_item_rec` VALUES ('6042', '2013-09-05 14:56:00', '3', '3', '141', '115', '3', '3', '9', null);
INSERT INTO `inspect_item_rec` VALUES ('6043', '2013-09-05 14:56:00', '1', '3', '141', '116', '3', '3', '9', null);
INSERT INTO `inspect_item_rec` VALUES ('6044', '2013-09-05 14:56:00', '1', '3', '141', '117', '3', '3', '9', null);
INSERT INTO `inspect_item_rec` VALUES ('6045', '2013-09-05 14:56:00', '1', '3', '141', '118', '3', '3', '9', null);
INSERT INTO `inspect_item_rec` VALUES ('6046', '2013-09-05 14:56:00', '1', '3', '141', '119', '3', '3', '9', null);
INSERT INTO `inspect_item_rec` VALUES ('6047', '2013-09-05 14:56:00', '2', '3', '141', '125', '3', '3', '9', null);
INSERT INTO `inspect_item_rec` VALUES ('6048', '2013-09-05 14:56:00', '1', '3', '141', '126', '3', '3', '9', null);
INSERT INTO `inspect_item_rec` VALUES ('6049', '2013-09-05 14:56:00', '2', '3', '141', '120', '4', '3', '9', null);
INSERT INTO `inspect_item_rec` VALUES ('6050', '2013-09-05 14:56:00', '1', '3', '141', '121', '4', '3', '9', null);
INSERT INTO `inspect_item_rec` VALUES ('6051', '2013-09-05 14:56:00', '2', '3', '141', '122', '4', '3', '9', null);
INSERT INTO `inspect_item_rec` VALUES ('6052', '2013-09-05 14:56:00', '1', '3', '141', '123', '4', '3', '9', null);
INSERT INTO `inspect_item_rec` VALUES ('6053', '2013-09-09 15:12:00', '1', '1', '142', '140', '1', '1', '7', null);
INSERT INTO `inspect_item_rec` VALUES ('6054', '2013-09-09 15:12:00', '1', '1', '142', '141', '1', '1', '7', null);
INSERT INTO `inspect_item_rec` VALUES ('6055', '2013-09-09 15:12:00', '1', '1', '142', '142', '1', '1', '7', null);
INSERT INTO `inspect_item_rec` VALUES ('6056', '2013-09-09 15:12:00', '1', '1', '142', '143', '1', '1', '7', null);
INSERT INTO `inspect_item_rec` VALUES ('6057', '2013-09-09 15:12:00', '1', '1', '142', '144', '1', '1', '7', null);
INSERT INTO `inspect_item_rec` VALUES ('6058', '2013-09-09 15:12:00', '2', '1', '142', '145', '1', '1', '7', null);
INSERT INTO `inspect_item_rec` VALUES ('6059', '2013-09-09 15:12:00', '1', '1', '142', '146', '1', '1', '7', null);
INSERT INTO `inspect_item_rec` VALUES ('6060', '2013-09-09 15:12:00', '1', '1', '142', '147', '1', '1', '7', null);
INSERT INTO `inspect_item_rec` VALUES ('6061', '2013-09-09 15:12:00', '1', '1', '142', '158', '1', '1', '7', null);
INSERT INTO `inspect_item_rec` VALUES ('6062', '2013-09-09 15:12:00', '1', '1', '142', '160', '1', '1', '7', null);
INSERT INTO `inspect_item_rec` VALUES ('6063', '2013-09-09 15:12:00', '1', '1', '142', '161', '1', '1', '7', null);
INSERT INTO `inspect_item_rec` VALUES ('6064', '2013-09-09 15:12:00', '2', '1', '142', '172', '1', '1', '7', null);
INSERT INTO `inspect_item_rec` VALUES ('6065', '2013-09-09 15:12:00', '1', '1', '142', '176', '1', '1', '7', null);
INSERT INTO `inspect_item_rec` VALUES ('6066', '2013-09-09 15:12:00', '1', '1', '142', '180', '1', '1', '7', null);
INSERT INTO `inspect_item_rec` VALUES ('6067', '2013-09-09 15:12:00', '1', '1', '142', '184', '1', '1', '7', null);
INSERT INTO `inspect_item_rec` VALUES ('6068', '2013-09-09 15:12:00', '1', '1', '142', '148', '2', '1', '7', null);
INSERT INTO `inspect_item_rec` VALUES ('6069', '2013-09-09 15:12:00', '1', '1', '142', '150', '2', '1', '7', null);
INSERT INTO `inspect_item_rec` VALUES ('6070', '2013-09-09 15:12:00', '2', '1', '142', '150', '2', '1', '7', null);
INSERT INTO `inspect_item_rec` VALUES ('6071', '2013-09-09 15:12:00', '1', '1', '142', '151', '2', '1', '7', null);
INSERT INTO `inspect_item_rec` VALUES ('6072', '2013-09-09 15:12:00', '1', '1', '142', '152', '2', '1', '7', null);
INSERT INTO `inspect_item_rec` VALUES ('6073', '2013-09-09 15:12:00', '1', '1', '142', '173', '2', '1', '7', null);
INSERT INTO `inspect_item_rec` VALUES ('6074', '2013-09-09 15:12:00', '2', '1', '142', '177', '2', '1', '7', null);
INSERT INTO `inspect_item_rec` VALUES ('6075', '2013-09-09 15:12:00', '2', '1', '142', '181', '2', '1', '7', null);
INSERT INTO `inspect_item_rec` VALUES ('6076', '2013-09-09 15:12:00', '1', '1', '142', '185', '2', '1', '7', null);
INSERT INTO `inspect_item_rec` VALUES ('6077', '2013-09-09 15:12:00', '1', '1', '142', '163', '3', '1', '7', null);
INSERT INTO `inspect_item_rec` VALUES ('6078', '2013-09-09 15:12:00', '1', '1', '142', '154', '3', '1', '7', null);
INSERT INTO `inspect_item_rec` VALUES ('6079', '2013-09-09 15:12:00', '1', '1', '142', '155', '3', '1', '7', null);
INSERT INTO `inspect_item_rec` VALUES ('6080', '2013-09-09 15:12:00', '1', '1', '142', '156', '3', '1', '7', null);
INSERT INTO `inspect_item_rec` VALUES ('6081', '2013-09-09 15:12:00', '3', '1', '142', '162', '3', '1', '7', null);
INSERT INTO `inspect_item_rec` VALUES ('6082', '2013-09-09 15:12:00', '2', '1', '142', '163', '3', '1', '7', null);
INSERT INTO `inspect_item_rec` VALUES ('6083', '2013-09-09 15:12:00', '1', '1', '142', '164', '3', '1', '7', null);
INSERT INTO `inspect_item_rec` VALUES ('6084', '2013-09-09 15:12:00', '1', '1', '142', '165', '3', '1', '7', null);
INSERT INTO `inspect_item_rec` VALUES ('6085', '2013-09-09 15:12:00', '1', '1', '142', '166', '3', '1', '7', null);
INSERT INTO `inspect_item_rec` VALUES ('6086', '2013-09-09 15:12:00', '3', '1', '142', '174', '3', '1', '7', null);
INSERT INTO `inspect_item_rec` VALUES ('6087', '2013-09-09 15:12:00', '1', '1', '142', '178', '3', '1', '7', null);
INSERT INTO `inspect_item_rec` VALUES ('6088', '2013-09-09 15:12:00', '1', '1', '142', '182', '3', '1', '7', null);
INSERT INTO `inspect_item_rec` VALUES ('6089', '2013-09-09 15:12:00', '1', '1', '142', '186', '3', '1', '7', null);
INSERT INTO `inspect_item_rec` VALUES ('6090', '2013-09-09 15:12:00', '1', '1', '142', '157', '4', '1', '7', null);
INSERT INTO `inspect_item_rec` VALUES ('6091', '2013-09-09 15:12:00', '2', '1', '142', '159', '4', '1', '7', null);
INSERT INTO `inspect_item_rec` VALUES ('6092', '2013-09-09 15:12:00', '1', '1', '142', '167', '4', '1', '7', null);
INSERT INTO `inspect_item_rec` VALUES ('6093', '2013-09-09 15:12:00', '3', '1', '142', '168', '4', '1', '7', null);
INSERT INTO `inspect_item_rec` VALUES ('6094', '2013-09-09 15:12:00', '1', '1', '142', '169', '4', '1', '7', null);
INSERT INTO `inspect_item_rec` VALUES ('6095', '2013-09-09 15:12:00', '1', '1', '142', '170', '4', '1', '7', null);
INSERT INTO `inspect_item_rec` VALUES ('6096', '2013-09-09 15:12:00', '2', '1', '142', '171', '4', '1', '7', null);
INSERT INTO `inspect_item_rec` VALUES ('6097', '2013-09-09 15:12:00', '1', '1', '142', '175', '4', '1', '7', null);
INSERT INTO `inspect_item_rec` VALUES ('6098', '2013-09-09 15:12:00', '1', '1', '142', '179', '4', '1', '7', null);
INSERT INTO `inspect_item_rec` VALUES ('6099', '2013-09-09 15:12:00', '1', '1', '142', '183', '4', '1', '7', null);
INSERT INTO `inspect_item_rec` VALUES ('6100', '2013-09-09 15:12:00', '2', '1', '142', '187', '4', '1', '7', null);
INSERT INTO `inspect_item_rec` VALUES ('6101', '2013-09-09 14:43:00', '1', '2', '143', '270', '1', '2', '8', null);
INSERT INTO `inspect_item_rec` VALUES ('6102', '2013-09-09 14:43:00', '1', '2', '143', '271', '1', '2', '8', null);
INSERT INTO `inspect_item_rec` VALUES ('6103', '2013-09-09 14:43:00', '3', '2', '143', '272', '1', '2', '8', null);
INSERT INTO `inspect_item_rec` VALUES ('6104', '2013-09-09 14:43:00', '1', '2', '143', '273', '1', '2', '8', null);
INSERT INTO `inspect_item_rec` VALUES ('6105', '2013-09-09 14:43:00', '1', '2', '143', '274', '1', '2', '8', null);
INSERT INTO `inspect_item_rec` VALUES ('6106', '2013-09-09 14:43:00', '2', '2', '143', '275', '1', '2', '8', null);
INSERT INTO `inspect_item_rec` VALUES ('6107', '2013-09-09 14:43:00', '2', '2', '143', '276', '1', '2', '8', null);
INSERT INTO `inspect_item_rec` VALUES ('6108', '2013-09-09 14:43:00', '1', '2', '143', '301', '1', '2', '8', null);
INSERT INTO `inspect_item_rec` VALUES ('6109', '2013-09-09 14:43:00', '1', '2', '143', '302', '1', '2', '8', null);
INSERT INTO `inspect_item_rec` VALUES ('6110', '2013-09-09 14:43:00', '1', '2', '143', '303', '1', '2', '8', null);
INSERT INTO `inspect_item_rec` VALUES ('6111', '2013-09-09 14:43:00', '2', '2', '143', '280', '1', '2', '8', null);
INSERT INTO `inspect_item_rec` VALUES ('6112', '2013-09-09 14:43:00', '1', '2', '143', '305', '1', '2', '8', null);
INSERT INTO `inspect_item_rec` VALUES ('6113', '2013-09-09 14:43:00', '1', '2', '143', '306', '1', '2', '8', null);
INSERT INTO `inspect_item_rec` VALUES ('6114', '2013-09-09 14:43:00', '2', '2', '143', '283', '1', '2', '8', null);
INSERT INTO `inspect_item_rec` VALUES ('6115', '2013-09-09 14:43:00', '1', '2', '143', '299', '1', '2', '8', null);
INSERT INTO `inspect_item_rec` VALUES ('6116', '2013-09-09 14:43:00', '2', '2', '143', '291', '1', '2', '8', null);
INSERT INTO `inspect_item_rec` VALUES ('6117', '2013-09-09 14:43:00', '1', '2', '143', '302', '1', '2', '8', null);
INSERT INTO `inspect_item_rec` VALUES ('6118', '2013-09-09 14:43:00', '1', '2', '143', '303', '1', '2', '8', null);
INSERT INTO `inspect_item_rec` VALUES ('6119', '2013-09-09 14:43:00', '3', '2', '143', '304', '1', '2', '8', null);
INSERT INTO `inspect_item_rec` VALUES ('6120', '2013-09-09 14:43:00', '1', '2', '143', '305', '1', '2', '8', null);
INSERT INTO `inspect_item_rec` VALUES ('6121', '2013-09-09 14:43:00', '1', '2', '143', '306', '1', '2', '8', null);
INSERT INTO `inspect_item_rec` VALUES ('6122', '2013-09-09 14:43:00', '2', '2', '143', '291', '1', '2', '8', null);
INSERT INTO `inspect_item_rec` VALUES ('6123', '2013-09-09 14:43:00', '1', '2', '143', '301', '1', '2', '8', null);
INSERT INTO `inspect_item_rec` VALUES ('6124', '2013-09-09 14:43:00', '1', '2', '143', '302', '1', '2', '8', null);
INSERT INTO `inspect_item_rec` VALUES ('6125', '2013-09-09 14:43:00', '1', '2', '143', '294', '1', '2', '8', null);
INSERT INTO `inspect_item_rec` VALUES ('6126', '2013-09-09 14:43:00', '3', '2', '143', '304', '1', '2', '8', null);
INSERT INTO `inspect_item_rec` VALUES ('6127', '2013-09-09 14:43:00', '2', '2', '143', '305', '1', '2', '8', null);
INSERT INTO `inspect_item_rec` VALUES ('6128', '2013-09-09 14:43:00', '1', '2', '143', '306', '1', '2', '8', null);
INSERT INTO `inspect_item_rec` VALUES ('6129', '2013-09-09 14:43:00', '2', '2', '143', '298', '1', '2', '8', null);
INSERT INTO `inspect_item_rec` VALUES ('6130', '2013-09-09 14:43:00', '1', '2', '143', '299', '1', '2', '8', null);
INSERT INTO `inspect_item_rec` VALUES ('6131', '2013-09-09 14:43:00', '1', '2', '143', '300', '1', '2', '8', null);
INSERT INTO `inspect_item_rec` VALUES ('6132', '2013-09-09 14:43:00', '1', '2', '143', '301', '1', '2', '8', null);
INSERT INTO `inspect_item_rec` VALUES ('6133', '2013-09-09 14:43:00', '1', '2', '143', '302', '1', '2', '8', null);
INSERT INTO `inspect_item_rec` VALUES ('6134', '2013-09-09 14:43:00', '1', '2', '143', '303', '1', '2', '8', null);
INSERT INTO `inspect_item_rec` VALUES ('6135', '2013-09-09 14:43:00', '2', '2', '143', '304', '1', '2', '8', null);
INSERT INTO `inspect_item_rec` VALUES ('6136', '2013-09-09 14:43:00', '1', '2', '143', '305', '1', '2', '8', null);
INSERT INTO `inspect_item_rec` VALUES ('6137', '2013-09-09 14:43:00', '1', '2', '143', '306', '1', '2', '8', null);
INSERT INTO `inspect_item_rec` VALUES ('6138', '2013-09-09 14:43:00', '1', '2', '143', '307', '1', '2', '8', null);
INSERT INTO `inspect_item_rec` VALUES ('6139', '2013-09-09 14:43:00', '1', '2', '143', '308', '1', '2', '8', null);
INSERT INTO `inspect_item_rec` VALUES ('6140', '2013-09-09 14:43:00', '1', '2', '143', '309', '1', '2', '8', null);
INSERT INTO `inspect_item_rec` VALUES ('6141', '2013-09-09 14:43:00', '2', '2', '143', '310', '2', '2', '8', null);
INSERT INTO `inspect_item_rec` VALUES ('6142', '2013-09-09 14:43:00', '2', '2', '143', '311', '2', '2', '8', null);
INSERT INTO `inspect_item_rec` VALUES ('6143', '2013-09-09 14:43:00', '1', '2', '143', '312', '2', '2', '8', null);
INSERT INTO `inspect_item_rec` VALUES ('6144', '2013-09-09 14:43:00', '2', '2', '143', '313', '3', '2', '8', null);
INSERT INTO `inspect_item_rec` VALUES ('6145', '2013-09-09 14:43:00', '1', '2', '143', '314', '3', '2', '8', null);
INSERT INTO `inspect_item_rec` VALUES ('6146', '2013-09-09 14:43:00', '2', '2', '143', '315', '3', '2', '8', null);
INSERT INTO `inspect_item_rec` VALUES ('6147', '2013-09-09 14:43:00', '1', '2', '143', '322', '3', '2', '8', null);
INSERT INTO `inspect_item_rec` VALUES ('6148', '2013-09-09 14:43:00', '1', '2', '143', '323', '3', '2', '8', null);
INSERT INTO `inspect_item_rec` VALUES ('6149', '2013-09-09 14:43:00', '1', '2', '143', '324', '3', '2', '8', null);
INSERT INTO `inspect_item_rec` VALUES ('6150', '2013-09-09 14:43:00', '2', '2', '143', '319', '3', '2', '8', null);
INSERT INTO `inspect_item_rec` VALUES ('6151', '2013-09-09 14:43:00', '1', '2', '143', '320', '3', '2', '8', null);
INSERT INTO `inspect_item_rec` VALUES ('6152', '2013-09-09 14:43:00', '1', '2', '143', '321', '3', '2', '8', null);
INSERT INTO `inspect_item_rec` VALUES ('6153', '2013-09-09 14:43:00', '2', '2', '143', '322', '3', '2', '8', null);
INSERT INTO `inspect_item_rec` VALUES ('6154', '2013-09-09 14:43:00', '1', '2', '143', '323', '3', '2', '8', null);
INSERT INTO `inspect_item_rec` VALUES ('6155', '2013-09-09 14:43:00', '1', '2', '143', '324', '3', '2', '8', null);
INSERT INTO `inspect_item_rec` VALUES ('6156', '2013-09-09 14:43:00', '1', '2', '143', '333', '3', '2', '8', null);
INSERT INTO `inspect_item_rec` VALUES ('6157', '2013-09-09 14:43:00', '1', '2', '143', '334', '3', '2', '8', null);
INSERT INTO `inspect_item_rec` VALUES ('6158', '2013-09-09 14:43:00', '1', '2', '143', '335', '3', '2', '8', null);
INSERT INTO `inspect_item_rec` VALUES ('6159', '2013-09-09 14:43:00', '1', '2', '143', '328', '3', '2', '8', null);
INSERT INTO `inspect_item_rec` VALUES ('6160', '2013-09-09 14:43:00', '1', '2', '143', '338', '3', '2', '8', null);
INSERT INTO `inspect_item_rec` VALUES ('6161', '2013-09-09 14:43:00', '1', '2', '143', '330', '3', '2', '8', null);
INSERT INTO `inspect_item_rec` VALUES ('6162', '2013-09-09 14:43:00', '1', '2', '143', '340', '3', '2', '8', null);
INSERT INTO `inspect_item_rec` VALUES ('6163', '2013-09-09 14:43:00', '3', '2', '143', '332', '3', '2', '8', null);
INSERT INTO `inspect_item_rec` VALUES ('6164', '2013-09-09 14:43:00', '2', '2', '143', '333', '3', '2', '8', null);
INSERT INTO `inspect_item_rec` VALUES ('6165', '2013-09-09 14:43:00', '1', '2', '143', '334', '3', '2', '8', null);
INSERT INTO `inspect_item_rec` VALUES ('6166', '2013-09-09 14:43:00', '3', '2', '143', '335', '3', '2', '8', null);
INSERT INTO `inspect_item_rec` VALUES ('6167', '2013-09-09 14:43:00', '2', '2', '143', '336', '3', '2', '8', null);
INSERT INTO `inspect_item_rec` VALUES ('6168', '2013-09-09 14:43:00', '1', '2', '143', '337', '3', '2', '8', null);
INSERT INTO `inspect_item_rec` VALUES ('6169', '2013-09-09 14:43:00', '1', '2', '143', '338', '3', '2', '8', null);
INSERT INTO `inspect_item_rec` VALUES ('6170', '2013-09-09 14:43:00', '1', '2', '143', '339', '3', '2', '8', null);
INSERT INTO `inspect_item_rec` VALUES ('6171', '2013-09-09 14:43:00', '1', '2', '143', '340', '3', '2', '8', null);
INSERT INTO `inspect_item_rec` VALUES ('6172', '2013-09-09 14:43:00', '1', '2', '143', '341', '3', '2', '8', null);
INSERT INTO `inspect_item_rec` VALUES ('6173', '2013-09-09 14:43:00', '1', '2', '143', '342', '3', '2', '8', null);
INSERT INTO `inspect_item_rec` VALUES ('6174', '2013-09-09 14:43:00', '1', '2', '143', '343', '3', '2', '8', null);
INSERT INTO `inspect_item_rec` VALUES ('6175', '2013-09-09 14:43:00', '1', '2', '143', '344', '3', '2', '8', null);
INSERT INTO `inspect_item_rec` VALUES ('6176', '2013-09-09 14:43:00', '1', '2', '143', '345', '3', '2', '8', null);
INSERT INTO `inspect_item_rec` VALUES ('6177', '2013-09-09 14:43:00', '1', '2', '143', '374', '3', '2', '8', null);
INSERT INTO `inspect_item_rec` VALUES ('6178', '2013-09-09 14:43:00', '1', '2', '143', '375', '3', '2', '8', null);
INSERT INTO `inspect_item_rec` VALUES ('6179', '2013-09-09 14:43:00', '1', '2', '143', '376', '3', '2', '8', null);
INSERT INTO `inspect_item_rec` VALUES ('6180', '2013-09-09 14:43:00', '1', '2', '143', '346', '4', '2', '8', null);
INSERT INTO `inspect_item_rec` VALUES ('6181', '2013-09-09 14:43:00', '1', '2', '143', '347', '4', '2', '8', null);
INSERT INTO `inspect_item_rec` VALUES ('6182', '2013-09-09 14:43:00', '1', '2', '143', '348', '4', '2', '8', null);
INSERT INTO `inspect_item_rec` VALUES ('6183', '2013-09-09 14:43:00', '1', '2', '143', '349', '4', '2', '8', null);
INSERT INTO `inspect_item_rec` VALUES ('6184', '2013-09-09 14:43:00', '1', '2', '143', '350', '4', '2', '8', null);
INSERT INTO `inspect_item_rec` VALUES ('6185', '2013-09-09 14:43:00', '1', '2', '143', '351', '4', '2', '8', null);
INSERT INTO `inspect_item_rec` VALUES ('6186', '2013-09-09 14:43:00', '1', '2', '143', '352', '4', '2', '8', null);
INSERT INTO `inspect_item_rec` VALUES ('6187', '2013-09-09 14:43:00', '1', '2', '143', '353', '4', '2', '8', null);
INSERT INTO `inspect_item_rec` VALUES ('6188', '2013-09-09 14:43:00', '1', '2', '143', '354', '4', '2', '8', null);
INSERT INTO `inspect_item_rec` VALUES ('6189', '2013-09-09 14:43:00', '2', '2', '143', '355', '4', '2', '8', null);
INSERT INTO `inspect_item_rec` VALUES ('6190', '2013-09-09 14:43:00', '1', '2', '143', '356', '4', '2', '8', null);
INSERT INTO `inspect_item_rec` VALUES ('6191', '2013-09-09 14:43:00', '1', '2', '143', '357', '4', '2', '8', null);
INSERT INTO `inspect_item_rec` VALUES ('6192', '2013-09-09 14:43:00', '1', '2', '143', '358', '4', '2', '8', null);
INSERT INTO `inspect_item_rec` VALUES ('6193', '2013-09-09 14:43:00', '1', '2', '143', '359', '4', '2', '8', null);
INSERT INTO `inspect_item_rec` VALUES ('6194', '2013-09-09 14:43:00', '1', '2', '143', '360', '4', '2', '8', null);
INSERT INTO `inspect_item_rec` VALUES ('6195', '2013-09-09 14:43:00', '1', '2', '143', '361', '4', '2', '8', null);
INSERT INTO `inspect_item_rec` VALUES ('6196', '2013-09-09 14:43:00', '1', '2', '143', '362', '4', '2', '8', null);
INSERT INTO `inspect_item_rec` VALUES ('6197', '2013-09-09 14:43:00', '1', '2', '143', '363', '4', '2', '8', null);
INSERT INTO `inspect_item_rec` VALUES ('6198', '2013-09-09 14:43:00', '1', '2', '143', '364', '4', '2', '8', null);
INSERT INTO `inspect_item_rec` VALUES ('6199', '2013-09-09 14:43:00', '3', '2', '143', '365', '4', '2', '8', null);
INSERT INTO `inspect_item_rec` VALUES ('6200', '2013-09-09 14:43:00', '3', '2', '143', '366', '4', '2', '8', null);
INSERT INTO `inspect_item_rec` VALUES ('6201', '2013-09-09 14:43:00', '1', '2', '143', '367', '4', '2', '8', null);
INSERT INTO `inspect_item_rec` VALUES ('6202', '2013-09-09 14:43:00', '1', '2', '143', '368', '4', '2', '8', null);
INSERT INTO `inspect_item_rec` VALUES ('6203', '2013-09-09 14:43:00', '1', '2', '143', '369', '4', '2', '8', null);
INSERT INTO `inspect_item_rec` VALUES ('6204', '2013-09-09 14:43:00', '1', '2', '143', '370', '4', '2', '8', null);
INSERT INTO `inspect_item_rec` VALUES ('6205', '2013-09-09 14:43:00', '1', '2', '143', '371', '4', '2', '8', null);
INSERT INTO `inspect_item_rec` VALUES ('6206', '2013-09-09 14:43:00', '1', '2', '143', '372', '4', '2', '8', null);
INSERT INTO `inspect_item_rec` VALUES ('6207', '2013-09-09 14:43:00', '1', '2', '143', '373', '4', '2', '8', null);
INSERT INTO `inspect_item_rec` VALUES ('6208', '2013-09-09 14:56:00', '1', '3', '144', '99', '1', '3', '9', null);
INSERT INTO `inspect_item_rec` VALUES ('6209', '2013-09-09 14:56:00', '2', '3', '144', '100', '1', '3', '9', null);
INSERT INTO `inspect_item_rec` VALUES ('6210', '2013-09-09 14:56:00', '1', '3', '144', '101', '1', '3', '9', null);
INSERT INTO `inspect_item_rec` VALUES ('6211', '2013-09-09 14:56:00', '1', '3', '144', '102', '1', '3', '9', null);
INSERT INTO `inspect_item_rec` VALUES ('6212', '2013-09-09 14:56:00', '2', '3', '144', '103', '1', '3', '9', null);
INSERT INTO `inspect_item_rec` VALUES ('6213', '2013-09-09 14:56:00', '2', '3', '144', '104', '1', '3', '9', null);
INSERT INTO `inspect_item_rec` VALUES ('6214', '2013-09-09 14:56:00', '2', '3', '144', '105', '1', '3', '9', null);
INSERT INTO `inspect_item_rec` VALUES ('6215', '2013-09-09 14:56:00', '1', '3', '144', '106', '1', '3', '9', null);
INSERT INTO `inspect_item_rec` VALUES ('6216', '2013-09-09 14:56:00', '1', '3', '144', '107', '2', '3', '9', null);
INSERT INTO `inspect_item_rec` VALUES ('6217', '2013-09-09 14:56:00', '3', '3', '144', '124', '2', '3', '9', null);
INSERT INTO `inspect_item_rec` VALUES ('6218', '2013-09-09 14:56:00', '2', '3', '144', '108', '3', '3', '9', null);
INSERT INTO `inspect_item_rec` VALUES ('6219', '2013-09-09 14:56:00', '1', '3', '144', '109', '3', '3', '9', null);
INSERT INTO `inspect_item_rec` VALUES ('6220', '2013-09-09 14:56:00', '1', '3', '144', '110', '3', '3', '9', null);
INSERT INTO `inspect_item_rec` VALUES ('6221', '2013-09-09 14:56:00', '2', '3', '144', '111', '3', '3', '9', null);
INSERT INTO `inspect_item_rec` VALUES ('6222', '2013-09-09 14:56:00', '1', '3', '144', '112', '3', '3', '9', null);
INSERT INTO `inspect_item_rec` VALUES ('6223', '2013-09-09 14:56:00', '1', '3', '144', '113', '3', '3', '9', null);
INSERT INTO `inspect_item_rec` VALUES ('6224', '2013-09-09 14:56:00', '2', '3', '144', '114', '3', '3', '9', null);
INSERT INTO `inspect_item_rec` VALUES ('6225', '2013-09-09 14:56:00', '3', '3', '144', '115', '3', '3', '9', null);
INSERT INTO `inspect_item_rec` VALUES ('6226', '2013-09-09 14:56:00', '1', '3', '144', '116', '3', '3', '9', null);
INSERT INTO `inspect_item_rec` VALUES ('6227', '2013-09-09 14:56:00', '1', '3', '144', '117', '3', '3', '9', null);
INSERT INTO `inspect_item_rec` VALUES ('6228', '2013-09-09 14:56:00', '1', '3', '144', '118', '3', '3', '9', null);
INSERT INTO `inspect_item_rec` VALUES ('6229', '2013-09-09 14:56:00', '1', '3', '144', '119', '3', '3', '9', null);
INSERT INTO `inspect_item_rec` VALUES ('6230', '2013-09-09 14:56:00', '2', '3', '144', '125', '3', '3', '9', null);
INSERT INTO `inspect_item_rec` VALUES ('6231', '2013-09-09 14:56:00', '2', '3', '144', '126', '3', '3', '9', null);
INSERT INTO `inspect_item_rec` VALUES ('6232', '2013-09-09 14:56:00', '2', '3', '144', '120', '4', '3', '9', null);
INSERT INTO `inspect_item_rec` VALUES ('6233', '2013-09-09 14:56:00', '1', '3', '144', '121', '4', '3', '9', null);
INSERT INTO `inspect_item_rec` VALUES ('6234', '2013-09-09 14:56:00', '2', '3', '144', '122', '4', '3', '9', null);
INSERT INTO `inspect_item_rec` VALUES ('6235', '2013-09-09 14:56:00', '2', '3', '144', '123', '4', '3', '9', null);
INSERT INTO `inspect_item_rec` VALUES ('6236', '2013-09-13 15:12:00', '1', '1', '145', '140', '1', '1', '7', null);
INSERT INTO `inspect_item_rec` VALUES ('6237', '2013-09-13 15:12:00', '1', '1', '145', '141', '1', '1', '7', null);
INSERT INTO `inspect_item_rec` VALUES ('6238', '2013-09-13 15:12:00', '1', '1', '145', '142', '1', '1', '7', null);
INSERT INTO `inspect_item_rec` VALUES ('6239', '2013-09-13 15:12:00', '1', '1', '145', '143', '1', '1', '7', null);
INSERT INTO `inspect_item_rec` VALUES ('6240', '2013-09-13 15:12:00', '1', '1', '145', '144', '1', '1', '7', null);
INSERT INTO `inspect_item_rec` VALUES ('6241', '2013-09-13 15:12:00', '1', '1', '145', '145', '1', '1', '7', null);
INSERT INTO `inspect_item_rec` VALUES ('6242', '2013-09-13 15:12:00', '1', '1', '145', '146', '1', '1', '7', null);
INSERT INTO `inspect_item_rec` VALUES ('6243', '2013-09-13 15:12:00', '1', '1', '145', '147', '1', '1', '7', null);
INSERT INTO `inspect_item_rec` VALUES ('6244', '2013-09-13 15:12:00', '1', '1', '145', '158', '1', '1', '7', null);
INSERT INTO `inspect_item_rec` VALUES ('6245', '2013-09-13 15:12:00', '1', '1', '145', '160', '1', '1', '7', null);
INSERT INTO `inspect_item_rec` VALUES ('6246', '2013-09-13 15:12:00', '1', '1', '145', '161', '1', '1', '7', null);
INSERT INTO `inspect_item_rec` VALUES ('6247', '2013-09-13 15:12:00', '1', '1', '145', '172', '1', '1', '7', null);
INSERT INTO `inspect_item_rec` VALUES ('6248', '2013-09-13 15:12:00', '1', '1', '145', '176', '1', '1', '7', null);
INSERT INTO `inspect_item_rec` VALUES ('6249', '2013-09-13 15:12:00', '1', '1', '145', '180', '1', '1', '7', null);
INSERT INTO `inspect_item_rec` VALUES ('6250', '2013-09-13 15:12:00', '1', '1', '145', '184', '1', '1', '7', null);
INSERT INTO `inspect_item_rec` VALUES ('6251', '2013-09-13 15:12:00', '1', '1', '145', '148', '2', '1', '7', null);
INSERT INTO `inspect_item_rec` VALUES ('6252', '2013-09-13 15:12:00', '1', '1', '145', '150', '2', '1', '7', null);
INSERT INTO `inspect_item_rec` VALUES ('6253', '2013-09-13 15:12:00', '2', '1', '145', '150', '2', '1', '7', null);
INSERT INTO `inspect_item_rec` VALUES ('6254', '2013-09-13 15:12:00', '1', '1', '145', '151', '2', '1', '7', null);
INSERT INTO `inspect_item_rec` VALUES ('6255', '2013-09-13 15:12:00', '2', '1', '145', '152', '2', '1', '7', null);
INSERT INTO `inspect_item_rec` VALUES ('6256', '2013-09-13 15:12:00', '1', '1', '145', '173', '2', '1', '7', null);
INSERT INTO `inspect_item_rec` VALUES ('6257', '2013-09-13 15:12:00', '2', '1', '145', '177', '2', '1', '7', null);
INSERT INTO `inspect_item_rec` VALUES ('6258', '2013-09-13 15:12:00', '2', '1', '145', '181', '2', '1', '7', null);
INSERT INTO `inspect_item_rec` VALUES ('6259', '2013-09-13 15:12:00', '1', '1', '145', '185', '2', '1', '7', null);
INSERT INTO `inspect_item_rec` VALUES ('6260', '2013-09-13 15:12:00', '1', '1', '145', '163', '3', '1', '7', null);
INSERT INTO `inspect_item_rec` VALUES ('6261', '2013-09-13 15:12:00', '1', '1', '145', '154', '3', '1', '7', null);
INSERT INTO `inspect_item_rec` VALUES ('6262', '2013-09-13 15:12:00', '1', '1', '145', '155', '3', '1', '7', null);
INSERT INTO `inspect_item_rec` VALUES ('6263', '2013-09-13 15:12:00', '1', '1', '145', '156', '3', '1', '7', null);
INSERT INTO `inspect_item_rec` VALUES ('6264', '2013-09-13 15:12:00', '3', '1', '145', '162', '3', '1', '7', null);
INSERT INTO `inspect_item_rec` VALUES ('6265', '2013-09-13 15:12:00', '1', '1', '145', '163', '3', '1', '7', null);
INSERT INTO `inspect_item_rec` VALUES ('6266', '2013-09-13 15:12:00', '1', '1', '145', '164', '3', '1', '7', null);
INSERT INTO `inspect_item_rec` VALUES ('6267', '2013-09-13 15:12:00', '1', '1', '145', '165', '3', '1', '7', null);
INSERT INTO `inspect_item_rec` VALUES ('6268', '2013-09-13 15:12:00', '1', '1', '145', '166', '3', '1', '7', null);
INSERT INTO `inspect_item_rec` VALUES ('6269', '2013-09-13 15:12:00', '3', '1', '145', '174', '3', '1', '7', null);
INSERT INTO `inspect_item_rec` VALUES ('6270', '2013-09-13 15:12:00', '1', '1', '145', '178', '3', '1', '7', null);
INSERT INTO `inspect_item_rec` VALUES ('6271', '2013-09-13 15:12:00', '1', '1', '145', '182', '3', '1', '7', null);
INSERT INTO `inspect_item_rec` VALUES ('6272', '2013-09-13 15:12:00', '1', '1', '145', '186', '3', '1', '7', null);
INSERT INTO `inspect_item_rec` VALUES ('6273', '2013-09-13 15:12:00', '1', '1', '145', '157', '4', '1', '7', null);
INSERT INTO `inspect_item_rec` VALUES ('6274', '2013-09-13 15:12:00', '2', '1', '145', '159', '4', '1', '7', null);
INSERT INTO `inspect_item_rec` VALUES ('6275', '2013-09-13 15:12:00', '1', '1', '145', '167', '4', '1', '7', null);
INSERT INTO `inspect_item_rec` VALUES ('6276', '2013-09-13 15:12:00', '2', '1', '145', '168', '4', '1', '7', null);
INSERT INTO `inspect_item_rec` VALUES ('6277', '2013-09-13 15:12:00', '1', '1', '145', '169', '4', '1', '7', null);
INSERT INTO `inspect_item_rec` VALUES ('6278', '2013-09-13 15:12:00', '1', '1', '145', '170', '4', '1', '7', null);
INSERT INTO `inspect_item_rec` VALUES ('6279', '2013-09-13 15:12:00', '1', '1', '145', '171', '4', '1', '7', null);
INSERT INTO `inspect_item_rec` VALUES ('6280', '2013-09-13 15:12:00', '1', '1', '145', '175', '4', '1', '7', null);
INSERT INTO `inspect_item_rec` VALUES ('6281', '2013-09-13 15:12:00', '1', '1', '145', '179', '4', '1', '7', null);
INSERT INTO `inspect_item_rec` VALUES ('6282', '2013-09-13 15:12:00', '1', '1', '145', '183', '4', '1', '7', null);
INSERT INTO `inspect_item_rec` VALUES ('6283', '2013-09-13 15:12:00', '2', '1', '145', '187', '4', '1', '7', null);
INSERT INTO `inspect_item_rec` VALUES ('6284', '2013-09-13 14:43:00', '1', '2', '146', '270', '1', '2', '8', null);
INSERT INTO `inspect_item_rec` VALUES ('6285', '2013-09-13 14:43:00', '1', '2', '146', '271', '1', '2', '8', null);
INSERT INTO `inspect_item_rec` VALUES ('6286', '2013-09-13 14:43:00', '2', '2', '146', '272', '1', '2', '8', null);
INSERT INTO `inspect_item_rec` VALUES ('6287', '2013-09-13 14:43:00', '1', '2', '146', '273', '1', '2', '8', null);
INSERT INTO `inspect_item_rec` VALUES ('6288', '2013-09-13 14:43:00', '1', '2', '146', '274', '1', '2', '8', null);
INSERT INTO `inspect_item_rec` VALUES ('6289', '2013-09-13 14:43:00', '2', '2', '146', '275', '1', '2', '8', null);
INSERT INTO `inspect_item_rec` VALUES ('6290', '2013-09-13 14:43:00', '2', '2', '146', '276', '1', '2', '8', null);
INSERT INTO `inspect_item_rec` VALUES ('6291', '2013-09-13 14:43:00', '1', '2', '146', '301', '1', '2', '8', null);
INSERT INTO `inspect_item_rec` VALUES ('6292', '2013-09-13 14:43:00', '2', '2', '146', '302', '1', '2', '8', null);
INSERT INTO `inspect_item_rec` VALUES ('6293', '2013-09-13 14:43:00', '1', '2', '146', '303', '1', '2', '8', null);
INSERT INTO `inspect_item_rec` VALUES ('6294', '2013-09-13 14:43:00', '2', '2', '146', '280', '1', '2', '8', null);
INSERT INTO `inspect_item_rec` VALUES ('6295', '2013-09-13 14:43:00', '1', '2', '146', '305', '1', '2', '8', null);
INSERT INTO `inspect_item_rec` VALUES ('6296', '2013-09-13 14:43:00', '1', '2', '146', '306', '1', '2', '8', null);
INSERT INTO `inspect_item_rec` VALUES ('6297', '2013-09-13 14:43:00', '2', '2', '146', '283', '1', '2', '8', null);
INSERT INTO `inspect_item_rec` VALUES ('6298', '2013-09-13 14:43:00', '2', '2', '146', '299', '1', '2', '8', null);
INSERT INTO `inspect_item_rec` VALUES ('6299', '2013-09-13 14:43:00', '2', '2', '146', '291', '1', '2', '8', null);
INSERT INTO `inspect_item_rec` VALUES ('6300', '2013-09-13 14:43:00', '1', '2', '146', '302', '1', '2', '8', null);
INSERT INTO `inspect_item_rec` VALUES ('6301', '2013-09-13 14:43:00', '1', '2', '146', '303', '1', '2', '8', null);
INSERT INTO `inspect_item_rec` VALUES ('6302', '2013-09-13 14:43:00', '3', '2', '146', '304', '1', '2', '8', null);
INSERT INTO `inspect_item_rec` VALUES ('6303', '2013-09-13 14:43:00', '1', '2', '146', '305', '1', '2', '8', null);
INSERT INTO `inspect_item_rec` VALUES ('6304', '2013-09-13 14:43:00', '1', '2', '146', '306', '1', '2', '8', null);
INSERT INTO `inspect_item_rec` VALUES ('6305', '2013-09-13 14:43:00', '2', '2', '146', '291', '1', '2', '8', null);
INSERT INTO `inspect_item_rec` VALUES ('6306', '2013-09-13 14:43:00', '1', '2', '146', '301', '1', '2', '8', null);
INSERT INTO `inspect_item_rec` VALUES ('6307', '2013-09-13 14:43:00', '1', '2', '146', '302', '1', '2', '8', null);
INSERT INTO `inspect_item_rec` VALUES ('6308', '2013-09-13 14:43:00', '1', '2', '146', '294', '1', '2', '8', null);
INSERT INTO `inspect_item_rec` VALUES ('6309', '2013-09-13 14:43:00', '2', '2', '146', '304', '1', '2', '8', null);
INSERT INTO `inspect_item_rec` VALUES ('6310', '2013-09-13 14:43:00', '2', '2', '146', '305', '1', '2', '8', null);
INSERT INTO `inspect_item_rec` VALUES ('6311', '2013-09-13 14:43:00', '1', '2', '146', '306', '1', '2', '8', null);
INSERT INTO `inspect_item_rec` VALUES ('6312', '2013-09-13 14:43:00', '2', '2', '146', '298', '1', '2', '8', null);
INSERT INTO `inspect_item_rec` VALUES ('6313', '2013-09-13 14:43:00', '1', '2', '146', '299', '1', '2', '8', null);
INSERT INTO `inspect_item_rec` VALUES ('6314', '2013-09-13 14:43:00', '1', '2', '146', '300', '1', '2', '8', null);
INSERT INTO `inspect_item_rec` VALUES ('6315', '2013-09-13 14:43:00', '1', '2', '146', '301', '1', '2', '8', null);
INSERT INTO `inspect_item_rec` VALUES ('6316', '2013-09-13 14:43:00', '1', '2', '146', '302', '1', '2', '8', null);
INSERT INTO `inspect_item_rec` VALUES ('6317', '2013-09-13 14:43:00', '1', '2', '146', '303', '1', '2', '8', null);
INSERT INTO `inspect_item_rec` VALUES ('6318', '2013-09-13 14:43:00', '2', '2', '146', '304', '1', '2', '8', null);
INSERT INTO `inspect_item_rec` VALUES ('6319', '2013-09-13 14:43:00', '1', '2', '146', '305', '1', '2', '8', null);
INSERT INTO `inspect_item_rec` VALUES ('6320', '2013-09-13 14:43:00', '1', '2', '146', '306', '1', '2', '8', null);
INSERT INTO `inspect_item_rec` VALUES ('6321', '2013-09-13 14:43:00', '1', '2', '146', '307', '1', '2', '8', null);
INSERT INTO `inspect_item_rec` VALUES ('6322', '2013-09-13 14:43:00', '1', '2', '146', '308', '1', '2', '8', null);
INSERT INTO `inspect_item_rec` VALUES ('6323', '2013-09-13 14:43:00', '1', '2', '146', '309', '1', '2', '8', null);
INSERT INTO `inspect_item_rec` VALUES ('6324', '2013-09-13 14:43:00', '2', '2', '146', '310', '2', '2', '8', null);
INSERT INTO `inspect_item_rec` VALUES ('6325', '2013-09-13 14:43:00', '2', '2', '146', '311', '2', '2', '8', null);
INSERT INTO `inspect_item_rec` VALUES ('6326', '2013-09-13 14:43:00', '1', '2', '146', '312', '2', '2', '8', null);
INSERT INTO `inspect_item_rec` VALUES ('6327', '2013-09-13 14:43:00', '2', '2', '146', '313', '3', '2', '8', null);
INSERT INTO `inspect_item_rec` VALUES ('6328', '2013-09-13 14:43:00', '1', '2', '146', '314', '3', '2', '8', null);
INSERT INTO `inspect_item_rec` VALUES ('6329', '2013-09-13 14:43:00', '2', '2', '146', '315', '3', '2', '8', null);
INSERT INTO `inspect_item_rec` VALUES ('6330', '2013-09-13 14:43:00', '1', '2', '146', '322', '3', '2', '8', null);
INSERT INTO `inspect_item_rec` VALUES ('6331', '2013-09-13 14:43:00', '1', '2', '146', '323', '3', '2', '8', null);
INSERT INTO `inspect_item_rec` VALUES ('6332', '2013-09-13 14:43:00', '1', '2', '146', '324', '3', '2', '8', null);
INSERT INTO `inspect_item_rec` VALUES ('6333', '2013-09-13 14:43:00', '2', '2', '146', '319', '3', '2', '8', null);
INSERT INTO `inspect_item_rec` VALUES ('6334', '2013-09-13 14:43:00', '1', '2', '146', '320', '3', '2', '8', null);
INSERT INTO `inspect_item_rec` VALUES ('6335', '2013-09-13 14:43:00', '1', '2', '146', '321', '3', '2', '8', null);
INSERT INTO `inspect_item_rec` VALUES ('6336', '2013-09-13 14:43:00', '2', '2', '146', '322', '3', '2', '8', null);
INSERT INTO `inspect_item_rec` VALUES ('6337', '2013-09-13 14:43:00', '1', '2', '146', '323', '3', '2', '8', null);
INSERT INTO `inspect_item_rec` VALUES ('6338', '2013-09-13 14:43:00', '1', '2', '146', '324', '3', '2', '8', null);
INSERT INTO `inspect_item_rec` VALUES ('6339', '2013-09-13 14:43:00', '1', '2', '146', '333', '3', '2', '8', null);
INSERT INTO `inspect_item_rec` VALUES ('6340', '2013-09-13 14:43:00', '1', '2', '146', '334', '3', '2', '8', null);
INSERT INTO `inspect_item_rec` VALUES ('6341', '2013-09-13 14:43:00', '1', '2', '146', '335', '3', '2', '8', null);
INSERT INTO `inspect_item_rec` VALUES ('6342', '2013-09-13 14:43:00', '1', '2', '146', '328', '3', '2', '8', null);
INSERT INTO `inspect_item_rec` VALUES ('6343', '2013-09-13 14:43:00', '1', '2', '146', '338', '3', '2', '8', null);
INSERT INTO `inspect_item_rec` VALUES ('6344', '2013-09-13 14:43:00', '1', '2', '146', '330', '3', '2', '8', null);
INSERT INTO `inspect_item_rec` VALUES ('6345', '2013-09-13 14:43:00', '1', '2', '146', '340', '3', '2', '8', null);
INSERT INTO `inspect_item_rec` VALUES ('6346', '2013-09-13 14:43:00', '3', '2', '146', '332', '3', '2', '8', null);
INSERT INTO `inspect_item_rec` VALUES ('6347', '2013-09-13 14:43:00', '2', '2', '146', '333', '3', '2', '8', null);
INSERT INTO `inspect_item_rec` VALUES ('6348', '2013-09-13 14:43:00', '1', '2', '146', '334', '3', '2', '8', null);
INSERT INTO `inspect_item_rec` VALUES ('6349', '2013-09-13 14:43:00', '3', '2', '146', '335', '3', '2', '8', null);
INSERT INTO `inspect_item_rec` VALUES ('6350', '2013-09-13 14:43:00', '2', '2', '146', '336', '3', '2', '8', null);
INSERT INTO `inspect_item_rec` VALUES ('6351', '2013-09-13 14:43:00', '1', '2', '146', '337', '3', '2', '8', null);
INSERT INTO `inspect_item_rec` VALUES ('6352', '2013-09-13 14:43:00', '1', '2', '146', '338', '3', '2', '8', null);
INSERT INTO `inspect_item_rec` VALUES ('6353', '2013-09-13 14:43:00', '1', '2', '146', '339', '3', '2', '8', null);
INSERT INTO `inspect_item_rec` VALUES ('6354', '2013-09-13 14:43:00', '1', '2', '146', '340', '3', '2', '8', null);
INSERT INTO `inspect_item_rec` VALUES ('6355', '2013-09-13 14:43:00', '1', '2', '146', '341', '3', '2', '8', null);
INSERT INTO `inspect_item_rec` VALUES ('6356', '2013-09-13 14:43:00', '1', '2', '146', '342', '3', '2', '8', null);
INSERT INTO `inspect_item_rec` VALUES ('6357', '2013-09-13 14:43:00', '1', '2', '146', '343', '3', '2', '8', null);
INSERT INTO `inspect_item_rec` VALUES ('6358', '2013-09-13 14:43:00', '1', '2', '146', '344', '3', '2', '8', null);
INSERT INTO `inspect_item_rec` VALUES ('6359', '2013-09-13 14:43:00', '1', '2', '146', '345', '3', '2', '8', null);
INSERT INTO `inspect_item_rec` VALUES ('6360', '2013-09-13 14:43:00', '1', '2', '146', '374', '3', '2', '8', null);
INSERT INTO `inspect_item_rec` VALUES ('6361', '2013-09-13 14:43:00', '1', '2', '146', '375', '3', '2', '8', null);
INSERT INTO `inspect_item_rec` VALUES ('6362', '2013-09-13 14:43:00', '1', '2', '146', '376', '3', '2', '8', null);
INSERT INTO `inspect_item_rec` VALUES ('6363', '2013-09-13 14:43:00', '1', '2', '146', '346', '4', '2', '8', null);
INSERT INTO `inspect_item_rec` VALUES ('6364', '2013-09-13 14:43:00', '1', '2', '146', '347', '4', '2', '8', null);
INSERT INTO `inspect_item_rec` VALUES ('6365', '2013-09-13 14:43:00', '1', '2', '146', '348', '4', '2', '8', null);
INSERT INTO `inspect_item_rec` VALUES ('6366', '2013-09-13 14:43:00', '1', '2', '146', '349', '4', '2', '8', null);
INSERT INTO `inspect_item_rec` VALUES ('6367', '2013-09-13 14:43:00', '1', '2', '146', '350', '4', '2', '8', null);
INSERT INTO `inspect_item_rec` VALUES ('6368', '2013-09-13 14:43:00', '1', '2', '146', '351', '4', '2', '8', null);
INSERT INTO `inspect_item_rec` VALUES ('6369', '2013-09-13 14:43:00', '1', '2', '146', '352', '4', '2', '8', null);
INSERT INTO `inspect_item_rec` VALUES ('6370', '2013-09-13 14:43:00', '1', '2', '146', '353', '4', '2', '8', null);
INSERT INTO `inspect_item_rec` VALUES ('6371', '2013-09-13 14:43:00', '1', '2', '146', '354', '4', '2', '8', null);
INSERT INTO `inspect_item_rec` VALUES ('6372', '2013-09-13 14:43:00', '2', '2', '146', '355', '4', '2', '8', null);
INSERT INTO `inspect_item_rec` VALUES ('6373', '2013-09-13 14:43:00', '1', '2', '146', '356', '4', '2', '8', null);
INSERT INTO `inspect_item_rec` VALUES ('6374', '2013-09-13 14:43:00', '1', '2', '146', '357', '4', '2', '8', null);
INSERT INTO `inspect_item_rec` VALUES ('6375', '2013-09-13 14:43:00', '1', '2', '146', '358', '4', '2', '8', null);
INSERT INTO `inspect_item_rec` VALUES ('6376', '2013-09-13 14:43:00', '1', '2', '146', '359', '4', '2', '8', null);
INSERT INTO `inspect_item_rec` VALUES ('6377', '2013-09-13 14:43:00', '1', '2', '146', '360', '4', '2', '8', null);
INSERT INTO `inspect_item_rec` VALUES ('6378', '2013-09-13 14:43:00', '1', '2', '146', '361', '4', '2', '8', null);
INSERT INTO `inspect_item_rec` VALUES ('6379', '2013-09-13 14:43:00', '1', '2', '146', '362', '4', '2', '8', null);
INSERT INTO `inspect_item_rec` VALUES ('6380', '2013-09-13 14:43:00', '1', '2', '146', '363', '4', '2', '8', null);
INSERT INTO `inspect_item_rec` VALUES ('6381', '2013-09-13 14:43:00', '1', '2', '146', '364', '4', '2', '8', null);
INSERT INTO `inspect_item_rec` VALUES ('6382', '2013-09-13 14:43:00', '3', '2', '146', '365', '4', '2', '8', null);
INSERT INTO `inspect_item_rec` VALUES ('6383', '2013-09-13 14:43:00', '3', '2', '146', '366', '4', '2', '8', null);
INSERT INTO `inspect_item_rec` VALUES ('6384', '2013-09-13 14:43:00', '1', '2', '146', '367', '4', '2', '8', null);
INSERT INTO `inspect_item_rec` VALUES ('6385', '2013-09-13 14:43:00', '1', '2', '146', '368', '4', '2', '8', null);
INSERT INTO `inspect_item_rec` VALUES ('6386', '2013-09-13 14:43:00', '1', '2', '146', '369', '4', '2', '8', null);
INSERT INTO `inspect_item_rec` VALUES ('6387', '2013-09-13 14:43:00', '1', '2', '146', '370', '4', '2', '8', null);
INSERT INTO `inspect_item_rec` VALUES ('6388', '2013-09-13 14:43:00', '1', '2', '146', '371', '4', '2', '8', null);
INSERT INTO `inspect_item_rec` VALUES ('6389', '2013-09-13 14:43:00', '1', '2', '146', '372', '4', '2', '8', null);
INSERT INTO `inspect_item_rec` VALUES ('6390', '2013-09-13 14:43:00', '1', '2', '146', '373', '4', '2', '8', null);
INSERT INTO `inspect_item_rec` VALUES ('6391', '2013-09-13 14:56:00', '1', '3', '147', '99', '1', '3', '9', null);
INSERT INTO `inspect_item_rec` VALUES ('6392', '2013-09-13 14:56:00', '1', '3', '147', '100', '1', '3', '9', null);
INSERT INTO `inspect_item_rec` VALUES ('6393', '2013-09-13 14:56:00', '1', '3', '147', '101', '1', '3', '9', null);
INSERT INTO `inspect_item_rec` VALUES ('6394', '2013-09-13 14:56:00', '1', '3', '147', '102', '1', '3', '9', null);
INSERT INTO `inspect_item_rec` VALUES ('6395', '2013-09-13 14:56:00', '2', '3', '147', '103', '1', '3', '9', null);
INSERT INTO `inspect_item_rec` VALUES ('6396', '2013-09-13 14:56:00', '2', '3', '147', '104', '1', '3', '9', null);
INSERT INTO `inspect_item_rec` VALUES ('6397', '2013-09-13 14:56:00', '1', '3', '147', '105', '1', '3', '9', null);
INSERT INTO `inspect_item_rec` VALUES ('6398', '2013-09-13 14:56:00', '1', '3', '147', '106', '1', '3', '9', null);
INSERT INTO `inspect_item_rec` VALUES ('6399', '2013-09-13 14:56:00', '1', '3', '147', '107', '2', '3', '9', null);
INSERT INTO `inspect_item_rec` VALUES ('6400', '2013-09-13 14:56:00', '3', '3', '147', '124', '2', '3', '9', null);
INSERT INTO `inspect_item_rec` VALUES ('6401', '2013-09-13 14:56:00', '2', '3', '147', '108', '3', '3', '9', null);
INSERT INTO `inspect_item_rec` VALUES ('6402', '2013-09-13 14:56:00', '1', '3', '147', '109', '3', '3', '9', null);
INSERT INTO `inspect_item_rec` VALUES ('6403', '2013-09-13 14:56:00', '1', '3', '147', '110', '3', '3', '9', null);
INSERT INTO `inspect_item_rec` VALUES ('6404', '2013-09-13 14:56:00', '2', '3', '147', '111', '3', '3', '9', null);
INSERT INTO `inspect_item_rec` VALUES ('6405', '2013-09-13 14:56:00', '1', '3', '147', '112', '3', '3', '9', null);
INSERT INTO `inspect_item_rec` VALUES ('6406', '2013-09-13 14:56:00', '1', '3', '147', '113', '3', '3', '9', null);
INSERT INTO `inspect_item_rec` VALUES ('6407', '2013-09-13 14:56:00', '2', '3', '147', '114', '3', '3', '9', null);
INSERT INTO `inspect_item_rec` VALUES ('6408', '2013-09-13 14:56:00', '3', '3', '147', '115', '3', '3', '9', null);
INSERT INTO `inspect_item_rec` VALUES ('6409', '2013-09-13 14:56:00', '1', '3', '147', '116', '3', '3', '9', null);
INSERT INTO `inspect_item_rec` VALUES ('6410', '2013-09-13 14:56:00', '1', '3', '147', '117', '3', '3', '9', null);
INSERT INTO `inspect_item_rec` VALUES ('6411', '2013-09-13 14:56:00', '1', '3', '147', '118', '3', '3', '9', null);
INSERT INTO `inspect_item_rec` VALUES ('6412', '2013-09-13 14:56:00', '1', '3', '147', '119', '3', '3', '9', null);
INSERT INTO `inspect_item_rec` VALUES ('6413', '2013-09-13 14:56:00', '2', '3', '147', '125', '3', '3', '9', null);
INSERT INTO `inspect_item_rec` VALUES ('6414', '2013-09-13 14:56:00', '2', '3', '147', '126', '3', '3', '9', null);
INSERT INTO `inspect_item_rec` VALUES ('6415', '2013-09-13 14:56:00', '2', '3', '147', '120', '4', '3', '9', null);
INSERT INTO `inspect_item_rec` VALUES ('6416', '2013-09-13 14:56:00', '1', '3', '147', '121', '4', '3', '9', null);
INSERT INTO `inspect_item_rec` VALUES ('6417', '2013-09-13 14:56:00', '2', '3', '147', '122', '4', '3', '9', null);
INSERT INTO `inspect_item_rec` VALUES ('6418', '2013-09-13 14:56:00', '1', '3', '147', '123', '4', '3', '9', null);
INSERT INTO `inspect_item_rec` VALUES ('6419', '2013-09-17 16:12:00', '1', '1', '148', '140', '1', '1', '7', null);
INSERT INTO `inspect_item_rec` VALUES ('6420', '2013-09-17 16:12:00', '2', '1', '148', '141', '1', '1', '7', null);
INSERT INTO `inspect_item_rec` VALUES ('6421', '2013-09-17 16:12:00', '1', '1', '148', '142', '1', '1', '7', null);
INSERT INTO `inspect_item_rec` VALUES ('6422', '2013-09-17 16:12:00', '1', '1', '148', '143', '1', '1', '7', null);
INSERT INTO `inspect_item_rec` VALUES ('6423', '2013-09-17 16:12:00', '1', '1', '148', '144', '1', '1', '7', null);
INSERT INTO `inspect_item_rec` VALUES ('6424', '2013-09-17 16:12:00', '2', '1', '148', '145', '1', '1', '7', null);
INSERT INTO `inspect_item_rec` VALUES ('6425', '2013-09-17 16:12:00', '1', '1', '148', '146', '1', '1', '7', null);
INSERT INTO `inspect_item_rec` VALUES ('6426', '2013-09-17 16:12:00', '1', '1', '148', '147', '1', '1', '7', null);
INSERT INTO `inspect_item_rec` VALUES ('6427', '2013-09-17 16:12:00', '1', '1', '148', '158', '1', '1', '7', null);
INSERT INTO `inspect_item_rec` VALUES ('6428', '2013-09-17 16:12:00', '1', '1', '148', '160', '1', '1', '7', null);
INSERT INTO `inspect_item_rec` VALUES ('6429', '2013-09-17 16:12:00', '2', '1', '148', '161', '1', '1', '7', null);
INSERT INTO `inspect_item_rec` VALUES ('6430', '2013-09-17 16:12:00', '1', '1', '148', '172', '1', '1', '7', null);
INSERT INTO `inspect_item_rec` VALUES ('6431', '2013-09-17 16:12:00', '1', '1', '148', '176', '1', '1', '7', null);
INSERT INTO `inspect_item_rec` VALUES ('6432', '2013-09-17 16:12:00', '1', '1', '148', '180', '1', '1', '7', null);
INSERT INTO `inspect_item_rec` VALUES ('6433', '2013-09-17 16:12:00', '1', '1', '148', '184', '1', '1', '7', null);
INSERT INTO `inspect_item_rec` VALUES ('6434', '2013-09-17 16:12:00', '1', '1', '148', '148', '2', '1', '7', null);
INSERT INTO `inspect_item_rec` VALUES ('6435', '2013-09-17 16:12:00', '1', '1', '148', '150', '2', '1', '7', null);
INSERT INTO `inspect_item_rec` VALUES ('6436', '2013-09-17 16:12:00', '2', '1', '148', '150', '2', '1', '7', null);
INSERT INTO `inspect_item_rec` VALUES ('6437', '2013-09-17 16:12:00', '1', '1', '148', '151', '2', '1', '7', null);
INSERT INTO `inspect_item_rec` VALUES ('6438', '2013-09-17 16:12:00', '2', '1', '148', '152', '2', '1', '7', null);
INSERT INTO `inspect_item_rec` VALUES ('6439', '2013-09-17 16:12:00', '1', '1', '148', '173', '2', '1', '7', null);
INSERT INTO `inspect_item_rec` VALUES ('6440', '2013-09-17 16:12:00', '2', '1', '148', '177', '2', '1', '7', null);
INSERT INTO `inspect_item_rec` VALUES ('6441', '2013-09-17 16:12:00', '2', '1', '148', '181', '2', '1', '7', null);
INSERT INTO `inspect_item_rec` VALUES ('6442', '2013-09-17 16:12:00', '1', '1', '148', '185', '2', '1', '7', null);
INSERT INTO `inspect_item_rec` VALUES ('6443', '2013-09-17 16:12:00', '1', '1', '148', '163', '3', '1', '7', null);
INSERT INTO `inspect_item_rec` VALUES ('6444', '2013-09-17 16:12:00', '2', '1', '148', '154', '3', '1', '7', null);
INSERT INTO `inspect_item_rec` VALUES ('6445', '2013-09-17 16:12:00', '1', '1', '148', '155', '3', '1', '7', null);
INSERT INTO `inspect_item_rec` VALUES ('6446', '2013-09-17 16:12:00', '1', '1', '148', '156', '3', '1', '7', null);
INSERT INTO `inspect_item_rec` VALUES ('6447', '2013-09-17 16:12:00', '3', '1', '148', '162', '3', '1', '7', null);
INSERT INTO `inspect_item_rec` VALUES ('6448', '2013-09-17 16:12:00', '1', '1', '148', '163', '3', '1', '7', null);
INSERT INTO `inspect_item_rec` VALUES ('6449', '2013-09-17 16:12:00', '1', '1', '148', '164', '3', '1', '7', null);
INSERT INTO `inspect_item_rec` VALUES ('6450', '2013-09-17 16:12:00', '1', '1', '148', '165', '3', '1', '7', null);
INSERT INTO `inspect_item_rec` VALUES ('6451', '2013-09-17 16:12:00', '1', '1', '148', '166', '3', '1', '7', null);
INSERT INTO `inspect_item_rec` VALUES ('6452', '2013-09-17 16:12:00', '3', '1', '148', '174', '3', '1', '7', null);
INSERT INTO `inspect_item_rec` VALUES ('6453', '2013-09-17 16:12:00', '1', '1', '148', '178', '3', '1', '7', null);
INSERT INTO `inspect_item_rec` VALUES ('6454', '2013-09-17 16:12:00', '1', '1', '148', '182', '3', '1', '7', null);
INSERT INTO `inspect_item_rec` VALUES ('6455', '2013-09-17 16:12:00', '1', '1', '148', '186', '3', '1', '7', null);
INSERT INTO `inspect_item_rec` VALUES ('6456', '2013-09-17 16:12:00', '1', '1', '148', '157', '4', '1', '7', null);
INSERT INTO `inspect_item_rec` VALUES ('6457', '2013-09-17 16:12:00', '2', '1', '148', '159', '4', '1', '7', null);
INSERT INTO `inspect_item_rec` VALUES ('6458', '2013-09-17 16:12:00', '1', '1', '148', '167', '4', '1', '7', null);
INSERT INTO `inspect_item_rec` VALUES ('6459', '2013-09-17 16:12:00', '2', '1', '148', '168', '4', '1', '7', null);
INSERT INTO `inspect_item_rec` VALUES ('6460', '2013-09-17 16:12:00', '1', '1', '148', '169', '4', '1', '7', null);
INSERT INTO `inspect_item_rec` VALUES ('6461', '2013-09-17 16:12:00', '1', '1', '148', '170', '4', '1', '7', null);
INSERT INTO `inspect_item_rec` VALUES ('6462', '2013-09-17 16:12:00', '1', '1', '148', '171', '4', '1', '7', null);
INSERT INTO `inspect_item_rec` VALUES ('6463', '2013-09-17 16:12:00', '1', '1', '148', '175', '4', '1', '7', null);
INSERT INTO `inspect_item_rec` VALUES ('6464', '2013-09-17 16:12:00', '1', '1', '148', '179', '4', '1', '7', null);
INSERT INTO `inspect_item_rec` VALUES ('6465', '2013-09-17 16:12:00', '1', '1', '148', '183', '4', '1', '7', null);
INSERT INTO `inspect_item_rec` VALUES ('6466', '2013-09-17 16:12:00', '2', '1', '148', '187', '4', '1', '7', null);
INSERT INTO `inspect_item_rec` VALUES ('6467', '2013-09-17 14:43:00', '1', '2', '149', '270', '1', '2', '8', null);
INSERT INTO `inspect_item_rec` VALUES ('6468', '2013-09-17 14:43:00', '1', '2', '149', '271', '1', '2', '8', null);
INSERT INTO `inspect_item_rec` VALUES ('6469', '2013-09-17 14:43:00', '2', '2', '149', '272', '1', '2', '8', null);
INSERT INTO `inspect_item_rec` VALUES ('6470', '2013-09-17 14:43:00', '1', '2', '149', '273', '1', '2', '8', null);
INSERT INTO `inspect_item_rec` VALUES ('6471', '2013-09-17 14:43:00', '1', '2', '149', '274', '1', '2', '8', null);
INSERT INTO `inspect_item_rec` VALUES ('6472', '2013-09-17 14:43:00', '2', '2', '149', '275', '1', '2', '8', null);
INSERT INTO `inspect_item_rec` VALUES ('6473', '2013-09-17 14:43:00', '2', '2', '149', '276', '1', '2', '8', null);
INSERT INTO `inspect_item_rec` VALUES ('6474', '2013-09-17 14:43:00', '1', '2', '149', '301', '1', '2', '8', null);
INSERT INTO `inspect_item_rec` VALUES ('6475', '2013-09-17 14:43:00', '2', '2', '149', '302', '1', '2', '8', null);
INSERT INTO `inspect_item_rec` VALUES ('6476', '2013-09-17 14:43:00', '1', '2', '149', '303', '1', '2', '8', null);
INSERT INTO `inspect_item_rec` VALUES ('6477', '2013-09-17 14:43:00', '2', '2', '149', '280', '1', '2', '8', null);
INSERT INTO `inspect_item_rec` VALUES ('6478', '2013-09-17 14:43:00', '1', '2', '149', '305', '1', '2', '8', null);
INSERT INTO `inspect_item_rec` VALUES ('6479', '2013-09-17 14:43:00', '1', '2', '149', '306', '1', '2', '8', null);
INSERT INTO `inspect_item_rec` VALUES ('6480', '2013-09-17 14:43:00', '2', '2', '149', '283', '1', '2', '8', null);
INSERT INTO `inspect_item_rec` VALUES ('6481', '2013-09-17 14:43:00', '2', '2', '149', '299', '1', '2', '8', null);
INSERT INTO `inspect_item_rec` VALUES ('6482', '2013-09-17 14:43:00', '2', '2', '149', '291', '1', '2', '8', null);
INSERT INTO `inspect_item_rec` VALUES ('6483', '2013-09-17 14:43:00', '1', '2', '149', '302', '1', '2', '8', null);
INSERT INTO `inspect_item_rec` VALUES ('6484', '2013-09-17 14:43:00', '1', '2', '149', '303', '1', '2', '8', null);
INSERT INTO `inspect_item_rec` VALUES ('6485', '2013-09-17 14:43:00', '3', '2', '149', '304', '1', '2', '8', null);
INSERT INTO `inspect_item_rec` VALUES ('6486', '2013-09-17 14:43:00', '1', '2', '149', '305', '1', '2', '8', null);
INSERT INTO `inspect_item_rec` VALUES ('6487', '2013-09-17 14:43:00', '2', '2', '149', '306', '1', '2', '8', null);
INSERT INTO `inspect_item_rec` VALUES ('6488', '2013-09-17 14:43:00', '2', '2', '149', '291', '1', '2', '8', null);
INSERT INTO `inspect_item_rec` VALUES ('6489', '2013-09-17 14:43:00', '1', '2', '149', '301', '1', '2', '8', null);
INSERT INTO `inspect_item_rec` VALUES ('6490', '2013-09-17 14:43:00', '1', '2', '149', '302', '1', '2', '8', null);
INSERT INTO `inspect_item_rec` VALUES ('6491', '2013-09-17 14:43:00', '1', '2', '149', '294', '1', '2', '8', null);
INSERT INTO `inspect_item_rec` VALUES ('6492', '2013-09-17 14:43:00', '2', '2', '149', '304', '1', '2', '8', null);
INSERT INTO `inspect_item_rec` VALUES ('6493', '2013-09-17 14:43:00', '2', '2', '149', '305', '1', '2', '8', null);
INSERT INTO `inspect_item_rec` VALUES ('6494', '2013-09-17 14:43:00', '2', '2', '149', '306', '1', '2', '8', null);
INSERT INTO `inspect_item_rec` VALUES ('6495', '2013-09-17 14:43:00', '2', '2', '149', '298', '1', '2', '8', null);
INSERT INTO `inspect_item_rec` VALUES ('6496', '2013-09-17 14:43:00', '1', '2', '149', '299', '1', '2', '8', null);
INSERT INTO `inspect_item_rec` VALUES ('6497', '2013-09-17 14:43:00', '1', '2', '149', '300', '1', '2', '8', null);
INSERT INTO `inspect_item_rec` VALUES ('6498', '2013-09-17 14:43:00', '1', '2', '149', '301', '1', '2', '8', null);
INSERT INTO `inspect_item_rec` VALUES ('6499', '2013-09-17 14:43:00', '1', '2', '149', '302', '1', '2', '8', null);
INSERT INTO `inspect_item_rec` VALUES ('6500', '2013-09-17 14:43:00', '1', '2', '149', '303', '1', '2', '8', null);
INSERT INTO `inspect_item_rec` VALUES ('6501', '2013-09-17 14:43:00', '2', '2', '149', '304', '1', '2', '8', null);
INSERT INTO `inspect_item_rec` VALUES ('6502', '2013-09-17 14:43:00', '1', '2', '149', '305', '1', '2', '8', null);
INSERT INTO `inspect_item_rec` VALUES ('6503', '2013-09-17 14:43:00', '1', '2', '149', '306', '1', '2', '8', null);
INSERT INTO `inspect_item_rec` VALUES ('6504', '2013-09-17 14:43:00', '1', '2', '149', '307', '1', '2', '8', null);
INSERT INTO `inspect_item_rec` VALUES ('6505', '2013-09-17 14:43:00', '1', '2', '149', '308', '1', '2', '8', null);
INSERT INTO `inspect_item_rec` VALUES ('6506', '2013-09-17 14:43:00', '1', '2', '149', '309', '1', '2', '8', null);
INSERT INTO `inspect_item_rec` VALUES ('6507', '2013-09-17 14:43:00', '2', '2', '149', '310', '2', '2', '8', null);
INSERT INTO `inspect_item_rec` VALUES ('6508', '2013-09-17 14:43:00', '2', '2', '149', '311', '2', '2', '8', null);
INSERT INTO `inspect_item_rec` VALUES ('6509', '2013-09-17 14:43:00', '1', '2', '149', '312', '2', '2', '8', null);
INSERT INTO `inspect_item_rec` VALUES ('6510', '2013-09-17 14:43:00', '2', '2', '149', '313', '3', '2', '8', null);
INSERT INTO `inspect_item_rec` VALUES ('6511', '2013-09-17 14:43:00', '1', '2', '149', '314', '3', '2', '8', null);
INSERT INTO `inspect_item_rec` VALUES ('6512', '2013-09-17 14:43:00', '2', '2', '149', '315', '3', '2', '8', null);
INSERT INTO `inspect_item_rec` VALUES ('6513', '2013-09-17 14:43:00', '1', '2', '149', '322', '3', '2', '8', null);
INSERT INTO `inspect_item_rec` VALUES ('6514', '2013-09-17 14:43:00', '1', '2', '149', '323', '3', '2', '8', null);
INSERT INTO `inspect_item_rec` VALUES ('6515', '2013-09-17 14:43:00', '1', '2', '149', '324', '3', '2', '8', null);
INSERT INTO `inspect_item_rec` VALUES ('6516', '2013-09-17 14:43:00', '2', '2', '149', '319', '3', '2', '8', null);
INSERT INTO `inspect_item_rec` VALUES ('6517', '2013-09-17 14:43:00', '1', '2', '149', '320', '3', '2', '8', null);
INSERT INTO `inspect_item_rec` VALUES ('6518', '2013-09-17 14:43:00', '1', '2', '149', '321', '3', '2', '8', null);
INSERT INTO `inspect_item_rec` VALUES ('6519', '2013-09-17 14:43:00', '2', '2', '149', '322', '3', '2', '8', null);
INSERT INTO `inspect_item_rec` VALUES ('6520', '2013-09-17 14:43:00', '1', '2', '149', '323', '3', '2', '8', null);
INSERT INTO `inspect_item_rec` VALUES ('6521', '2013-09-17 14:43:00', '1', '2', '149', '324', '3', '2', '8', null);
INSERT INTO `inspect_item_rec` VALUES ('6522', '2013-09-17 14:43:00', '1', '2', '149', '333', '3', '2', '8', null);
INSERT INTO `inspect_item_rec` VALUES ('6523', '2013-09-17 14:43:00', '1', '2', '149', '334', '3', '2', '8', null);
INSERT INTO `inspect_item_rec` VALUES ('6524', '2013-09-17 14:43:00', '1', '2', '149', '335', '3', '2', '8', null);
INSERT INTO `inspect_item_rec` VALUES ('6525', '2013-09-17 14:43:00', '1', '2', '149', '328', '3', '2', '8', null);
INSERT INTO `inspect_item_rec` VALUES ('6526', '2013-09-17 14:43:00', '1', '2', '149', '338', '3', '2', '8', null);
INSERT INTO `inspect_item_rec` VALUES ('6527', '2013-09-17 14:43:00', '1', '2', '149', '330', '3', '2', '8', null);
INSERT INTO `inspect_item_rec` VALUES ('6528', '2013-09-17 14:43:00', '1', '2', '149', '340', '3', '2', '8', null);
INSERT INTO `inspect_item_rec` VALUES ('6529', '2013-09-17 14:43:00', '3', '2', '149', '332', '3', '2', '8', null);
INSERT INTO `inspect_item_rec` VALUES ('6530', '2013-09-17 14:43:00', '2', '2', '149', '333', '3', '2', '8', null);
INSERT INTO `inspect_item_rec` VALUES ('6531', '2013-09-17 14:43:00', '1', '2', '149', '334', '3', '2', '8', null);
INSERT INTO `inspect_item_rec` VALUES ('6532', '2013-09-17 14:43:00', '3', '2', '149', '335', '3', '2', '8', null);
INSERT INTO `inspect_item_rec` VALUES ('6533', '2013-09-17 14:43:00', '2', '2', '149', '336', '3', '2', '8', null);
INSERT INTO `inspect_item_rec` VALUES ('6534', '2013-09-17 14:43:00', '1', '2', '149', '337', '3', '2', '8', null);
INSERT INTO `inspect_item_rec` VALUES ('6535', '2013-09-17 14:43:00', '1', '2', '149', '338', '3', '2', '8', null);
INSERT INTO `inspect_item_rec` VALUES ('6536', '2013-09-17 14:43:00', '1', '2', '149', '339', '3', '2', '8', null);
INSERT INTO `inspect_item_rec` VALUES ('6537', '2013-09-17 14:43:00', '1', '2', '149', '340', '3', '2', '8', null);
INSERT INTO `inspect_item_rec` VALUES ('6538', '2013-09-17 14:43:00', '1', '2', '149', '341', '3', '2', '8', null);
INSERT INTO `inspect_item_rec` VALUES ('6539', '2013-09-17 14:43:00', '1', '2', '149', '342', '3', '2', '8', null);
INSERT INTO `inspect_item_rec` VALUES ('6540', '2013-09-17 14:43:00', '1', '2', '149', '343', '3', '2', '8', null);
INSERT INTO `inspect_item_rec` VALUES ('6541', '2013-09-17 14:43:00', '1', '2', '149', '344', '3', '2', '8', null);
INSERT INTO `inspect_item_rec` VALUES ('6542', '2013-09-17 14:43:00', '1', '2', '149', '345', '3', '2', '8', null);
INSERT INTO `inspect_item_rec` VALUES ('6543', '2013-09-17 14:43:00', '1', '2', '149', '374', '3', '2', '8', null);
INSERT INTO `inspect_item_rec` VALUES ('6544', '2013-09-17 14:43:00', '1', '2', '149', '375', '3', '2', '8', null);
INSERT INTO `inspect_item_rec` VALUES ('6545', '2013-09-17 14:43:00', '1', '2', '149', '376', '3', '2', '8', null);
INSERT INTO `inspect_item_rec` VALUES ('6546', '2013-09-17 14:43:00', '1', '2', '149', '346', '4', '2', '8', null);
INSERT INTO `inspect_item_rec` VALUES ('6547', '2013-09-17 14:43:00', '1', '2', '149', '347', '4', '2', '8', null);
INSERT INTO `inspect_item_rec` VALUES ('6548', '2013-09-17 14:43:00', '1', '2', '149', '348', '4', '2', '8', null);
INSERT INTO `inspect_item_rec` VALUES ('6549', '2013-09-17 14:43:00', '1', '2', '149', '349', '4', '2', '8', null);
INSERT INTO `inspect_item_rec` VALUES ('6550', '2013-09-17 14:43:00', '1', '2', '149', '350', '4', '2', '8', null);
INSERT INTO `inspect_item_rec` VALUES ('6551', '2013-09-17 14:43:00', '1', '2', '149', '351', '4', '2', '8', null);
INSERT INTO `inspect_item_rec` VALUES ('6552', '2013-09-17 14:43:00', '1', '2', '149', '352', '4', '2', '8', null);
INSERT INTO `inspect_item_rec` VALUES ('6553', '2013-09-17 14:43:00', '1', '2', '149', '353', '4', '2', '8', null);
INSERT INTO `inspect_item_rec` VALUES ('6554', '2013-09-17 14:43:00', '1', '2', '149', '354', '4', '2', '8', null);
INSERT INTO `inspect_item_rec` VALUES ('6555', '2013-09-17 14:43:00', '2', '2', '149', '355', '4', '2', '8', null);
INSERT INTO `inspect_item_rec` VALUES ('6556', '2013-09-17 14:43:00', '1', '2', '149', '356', '4', '2', '8', null);
INSERT INTO `inspect_item_rec` VALUES ('6557', '2013-09-17 14:43:00', '1', '2', '149', '357', '4', '2', '8', null);
INSERT INTO `inspect_item_rec` VALUES ('6558', '2013-09-17 14:43:00', '1', '2', '149', '358', '4', '2', '8', null);
INSERT INTO `inspect_item_rec` VALUES ('6559', '2013-09-17 14:43:00', '1', '2', '149', '359', '4', '2', '8', null);
INSERT INTO `inspect_item_rec` VALUES ('6560', '2013-09-17 14:43:00', '1', '2', '149', '360', '4', '2', '8', null);
INSERT INTO `inspect_item_rec` VALUES ('6561', '2013-09-17 14:43:00', '1', '2', '149', '361', '4', '2', '8', null);
INSERT INTO `inspect_item_rec` VALUES ('6562', '2013-09-17 14:43:00', '1', '2', '149', '362', '4', '2', '8', null);
INSERT INTO `inspect_item_rec` VALUES ('6563', '2013-09-17 14:43:00', '1', '2', '149', '363', '4', '2', '8', null);
INSERT INTO `inspect_item_rec` VALUES ('6564', '2013-09-17 14:43:00', '1', '2', '149', '364', '4', '2', '8', null);
INSERT INTO `inspect_item_rec` VALUES ('6565', '2013-09-17 14:43:00', '3', '2', '149', '365', '4', '2', '8', null);
INSERT INTO `inspect_item_rec` VALUES ('6566', '2013-09-17 14:43:00', '3', '2', '149', '366', '4', '2', '8', null);
INSERT INTO `inspect_item_rec` VALUES ('6567', '2013-09-17 14:43:00', '1', '2', '149', '367', '4', '2', '8', null);
INSERT INTO `inspect_item_rec` VALUES ('6568', '2013-09-17 14:43:00', '1', '2', '149', '368', '4', '2', '8', null);
INSERT INTO `inspect_item_rec` VALUES ('6569', '2013-09-17 14:56:00', '1', '3', '150', '99', '1', '3', '9', null);
INSERT INTO `inspect_item_rec` VALUES ('6570', '2013-09-17 14:56:00', '1', '3', '150', '100', '1', '3', '9', null);
INSERT INTO `inspect_item_rec` VALUES ('6571', '2013-09-17 14:56:00', '1', '3', '150', '101', '1', '3', '9', null);
INSERT INTO `inspect_item_rec` VALUES ('6572', '2013-09-17 14:56:00', '2', '3', '150', '102', '1', '3', '9', null);
INSERT INTO `inspect_item_rec` VALUES ('6573', '2013-09-17 14:56:00', '2', '3', '150', '103', '1', '3', '9', null);
INSERT INTO `inspect_item_rec` VALUES ('6574', '2013-09-17 14:56:00', '2', '3', '150', '104', '1', '3', '9', null);
INSERT INTO `inspect_item_rec` VALUES ('6575', '2013-09-17 14:56:00', '1', '3', '150', '105', '1', '3', '9', null);
INSERT INTO `inspect_item_rec` VALUES ('6576', '2013-09-17 14:56:00', '1', '3', '150', '106', '1', '3', '9', null);
INSERT INTO `inspect_item_rec` VALUES ('6577', '2013-09-17 14:56:00', '1', '3', '150', '107', '2', '3', '9', null);
INSERT INTO `inspect_item_rec` VALUES ('6578', '2013-09-17 14:56:00', '2', '3', '150', '124', '2', '3', '9', null);
INSERT INTO `inspect_item_rec` VALUES ('6579', '2013-09-17 14:56:00', '2', '3', '150', '108', '3', '3', '9', null);
INSERT INTO `inspect_item_rec` VALUES ('6580', '2013-09-17 14:56:00', '1', '3', '150', '109', '3', '3', '9', null);
INSERT INTO `inspect_item_rec` VALUES ('6581', '2013-09-17 14:56:00', '2', '3', '150', '110', '3', '3', '9', null);
INSERT INTO `inspect_item_rec` VALUES ('6582', '2013-09-17 14:56:00', '2', '3', '150', '111', '3', '3', '9', null);
INSERT INTO `inspect_item_rec` VALUES ('6583', '2013-09-17 14:56:00', '1', '3', '150', '112', '3', '3', '9', null);
INSERT INTO `inspect_item_rec` VALUES ('6584', '2013-09-17 14:56:00', '1', '3', '150', '113', '3', '3', '9', null);
INSERT INTO `inspect_item_rec` VALUES ('6585', '2013-09-17 14:56:00', '2', '3', '150', '114', '3', '3', '9', null);
INSERT INTO `inspect_item_rec` VALUES ('6586', '2013-09-17 14:56:00', '2', '3', '150', '115', '3', '3', '9', null);
INSERT INTO `inspect_item_rec` VALUES ('6587', '2013-09-17 14:56:00', '1', '3', '150', '116', '3', '3', '9', null);
INSERT INTO `inspect_item_rec` VALUES ('6588', '2013-09-17 14:56:00', '1', '3', '150', '117', '3', '3', '9', null);
INSERT INTO `inspect_item_rec` VALUES ('6589', '2013-09-17 14:56:00', '1', '3', '150', '118', '3', '3', '9', null);
INSERT INTO `inspect_item_rec` VALUES ('6590', '2013-09-17 14:56:00', '1', '3', '150', '119', '3', '3', '9', null);
INSERT INTO `inspect_item_rec` VALUES ('6591', '2013-09-17 14:56:00', '2', '3', '150', '125', '3', '3', '9', null);
INSERT INTO `inspect_item_rec` VALUES ('6592', '2013-09-17 14:56:00', '2', '3', '150', '126', '3', '3', '9', null);
INSERT INTO `inspect_item_rec` VALUES ('6593', '2013-09-17 14:56:00', '2', '3', '150', '120', '4', '3', '9', null);
INSERT INTO `inspect_item_rec` VALUES ('6594', '2013-09-17 14:56:00', '1', '3', '150', '121', '4', '3', '9', null);
INSERT INTO `inspect_item_rec` VALUES ('6595', '2013-09-17 14:56:00', '2', '3', '150', '122', '4', '3', '9', null);
INSERT INTO `inspect_item_rec` VALUES ('6596', '2013-09-17 14:56:00', '1', '3', '150', '123', '4', '3', '9', null);
INSERT INTO `inspect_item_rec` VALUES ('6597', '2013-09-21 14:12:00', '1', '1', '151', '140', '1', '1', '7', null);
INSERT INTO `inspect_item_rec` VALUES ('6598', '2013-09-21 14:12:00', '1', '1', '151', '141', '1', '1', '7', null);
INSERT INTO `inspect_item_rec` VALUES ('6599', '2013-09-21 14:12:00', '1', '1', '151', '142', '1', '1', '7', null);
INSERT INTO `inspect_item_rec` VALUES ('6600', '2013-09-21 14:12:00', '1', '1', '151', '143', '1', '1', '7', null);
INSERT INTO `inspect_item_rec` VALUES ('6601', '2013-09-21 14:12:00', '1', '1', '151', '144', '1', '1', '7', null);
INSERT INTO `inspect_item_rec` VALUES ('6602', '2013-09-21 14:12:00', '2', '1', '151', '145', '1', '1', '7', null);
INSERT INTO `inspect_item_rec` VALUES ('6603', '2013-09-21 14:12:00', '1', '1', '151', '146', '1', '1', '7', null);
INSERT INTO `inspect_item_rec` VALUES ('6604', '2013-09-21 14:12:00', '1', '1', '151', '147', '1', '1', '7', null);
INSERT INTO `inspect_item_rec` VALUES ('6605', '2013-09-21 14:12:00', '1', '1', '151', '158', '1', '1', '7', null);
INSERT INTO `inspect_item_rec` VALUES ('6606', '2013-09-21 14:12:00', '1', '1', '151', '160', '1', '1', '7', null);
INSERT INTO `inspect_item_rec` VALUES ('6607', '2013-09-21 14:12:00', '2', '1', '151', '161', '1', '1', '7', null);
INSERT INTO `inspect_item_rec` VALUES ('6608', '2013-09-21 14:12:00', '1', '1', '151', '172', '1', '1', '7', null);
INSERT INTO `inspect_item_rec` VALUES ('6609', '2013-09-21 14:12:00', '1', '1', '151', '176', '1', '1', '7', null);
INSERT INTO `inspect_item_rec` VALUES ('6610', '2013-09-21 14:12:00', '1', '1', '151', '180', '1', '1', '7', null);
INSERT INTO `inspect_item_rec` VALUES ('6611', '2013-09-21 14:12:00', '1', '1', '151', '184', '1', '1', '7', null);
INSERT INTO `inspect_item_rec` VALUES ('6612', '2013-09-21 14:12:00', '1', '1', '151', '148', '2', '1', '7', null);
INSERT INTO `inspect_item_rec` VALUES ('6613', '2013-09-21 14:12:00', '1', '1', '151', '150', '2', '1', '7', null);
INSERT INTO `inspect_item_rec` VALUES ('6614', '2013-09-21 14:12:00', '2', '1', '151', '150', '2', '1', '7', null);
INSERT INTO `inspect_item_rec` VALUES ('6615', '2013-09-21 14:12:00', '1', '1', '151', '151', '2', '1', '7', null);
INSERT INTO `inspect_item_rec` VALUES ('6616', '2013-09-21 14:12:00', '1', '1', '151', '152', '2', '1', '7', null);
INSERT INTO `inspect_item_rec` VALUES ('6617', '2013-09-21 14:12:00', '1', '1', '151', '173', '2', '1', '7', null);
INSERT INTO `inspect_item_rec` VALUES ('6618', '2013-09-21 14:12:00', '2', '1', '151', '177', '2', '1', '7', null);
INSERT INTO `inspect_item_rec` VALUES ('6619', '2013-09-21 14:12:00', '2', '1', '151', '181', '2', '1', '7', null);
INSERT INTO `inspect_item_rec` VALUES ('6620', '2013-09-21 14:12:00', '1', '1', '151', '185', '2', '1', '7', null);
INSERT INTO `inspect_item_rec` VALUES ('6621', '2013-09-21 14:12:00', '1', '1', '151', '163', '3', '1', '7', null);
INSERT INTO `inspect_item_rec` VALUES ('6622', '2013-09-21 14:12:00', '1', '1', '151', '154', '3', '1', '7', null);
INSERT INTO `inspect_item_rec` VALUES ('6623', '2013-09-21 14:12:00', '1', '1', '151', '155', '3', '1', '7', null);
INSERT INTO `inspect_item_rec` VALUES ('6624', '2013-09-21 14:12:00', '1', '1', '151', '156', '3', '1', '7', null);
INSERT INTO `inspect_item_rec` VALUES ('6625', '2013-09-21 14:12:00', '3', '1', '151', '162', '3', '1', '7', null);
INSERT INTO `inspect_item_rec` VALUES ('6626', '2013-09-21 14:12:00', '1', '1', '151', '163', '3', '1', '7', null);
INSERT INTO `inspect_item_rec` VALUES ('6627', '2013-09-21 14:12:00', '1', '1', '151', '164', '3', '1', '7', null);
INSERT INTO `inspect_item_rec` VALUES ('6628', '2013-09-21 14:12:00', '1', '1', '151', '165', '3', '1', '7', null);
INSERT INTO `inspect_item_rec` VALUES ('6629', '2013-09-21 14:12:00', '1', '1', '151', '166', '3', '1', '7', null);
INSERT INTO `inspect_item_rec` VALUES ('6630', '2013-09-21 14:12:00', '3', '1', '151', '174', '3', '1', '7', null);
INSERT INTO `inspect_item_rec` VALUES ('6631', '2013-09-21 14:12:00', '1', '1', '151', '178', '3', '1', '7', null);
INSERT INTO `inspect_item_rec` VALUES ('6632', '2013-09-21 14:12:00', '1', '1', '151', '182', '3', '1', '7', null);
INSERT INTO `inspect_item_rec` VALUES ('6633', '2013-09-21 14:12:00', '1', '1', '151', '186', '3', '1', '7', null);
INSERT INTO `inspect_item_rec` VALUES ('6634', '2013-09-21 14:12:00', '1', '1', '151', '157', '4', '1', '7', null);
INSERT INTO `inspect_item_rec` VALUES ('6635', '2013-09-21 14:12:00', '2', '1', '151', '159', '4', '1', '7', null);
INSERT INTO `inspect_item_rec` VALUES ('6636', '2013-09-21 14:12:00', '1', '1', '151', '167', '4', '1', '7', null);
INSERT INTO `inspect_item_rec` VALUES ('6637', '2013-09-21 14:12:00', '2', '1', '151', '168', '4', '1', '7', null);
INSERT INTO `inspect_item_rec` VALUES ('6638', '2013-09-21 14:12:00', '1', '1', '151', '169', '4', '1', '7', null);
INSERT INTO `inspect_item_rec` VALUES ('6639', '2013-09-21 14:12:00', '1', '1', '151', '170', '4', '1', '7', null);
INSERT INTO `inspect_item_rec` VALUES ('6640', '2013-09-21 14:12:00', '1', '1', '151', '171', '4', '1', '7', null);
INSERT INTO `inspect_item_rec` VALUES ('6641', '2013-09-21 14:12:00', '1', '1', '151', '175', '4', '1', '7', null);
INSERT INTO `inspect_item_rec` VALUES ('6642', '2013-09-21 14:12:00', '1', '1', '151', '179', '4', '1', '7', null);
INSERT INTO `inspect_item_rec` VALUES ('6643', '2013-09-21 14:12:00', '1', '1', '151', '183', '4', '1', '7', null);
INSERT INTO `inspect_item_rec` VALUES ('6644', '2013-09-21 14:12:00', '2', '1', '151', '187', '4', '1', '7', null);
INSERT INTO `inspect_item_rec` VALUES ('6645', '2013-09-21 14:43:00', '1', '2', '152', '270', '1', '2', '8', null);
INSERT INTO `inspect_item_rec` VALUES ('6646', '2013-09-21 14:43:00', '1', '2', '152', '271', '1', '2', '8', null);
INSERT INTO `inspect_item_rec` VALUES ('6647', '2013-09-21 14:43:00', '1', '2', '152', '272', '1', '2', '8', null);
INSERT INTO `inspect_item_rec` VALUES ('6648', '2013-09-21 14:43:00', '1', '2', '152', '273', '1', '2', '8', null);
INSERT INTO `inspect_item_rec` VALUES ('6649', '2013-09-21 14:43:00', '1', '2', '152', '274', '1', '2', '8', null);
INSERT INTO `inspect_item_rec` VALUES ('6650', '2013-09-21 14:43:00', '2', '2', '152', '275', '1', '2', '8', null);
INSERT INTO `inspect_item_rec` VALUES ('6651', '2013-09-21 14:43:00', '2', '2', '152', '276', '1', '2', '8', null);
INSERT INTO `inspect_item_rec` VALUES ('6652', '2013-09-21 14:43:00', '1', '2', '152', '301', '1', '2', '8', null);
INSERT INTO `inspect_item_rec` VALUES ('6653', '2013-09-21 14:43:00', '2', '2', '152', '302', '1', '2', '8', null);
INSERT INTO `inspect_item_rec` VALUES ('6654', '2013-09-21 14:43:00', '1', '2', '152', '303', '1', '2', '8', null);
INSERT INTO `inspect_item_rec` VALUES ('6655', '2013-09-21 14:43:00', '2', '2', '152', '280', '1', '2', '8', null);
INSERT INTO `inspect_item_rec` VALUES ('6656', '2013-09-21 14:43:00', '1', '2', '152', '305', '1', '2', '8', null);
INSERT INTO `inspect_item_rec` VALUES ('6657', '2013-09-21 14:43:00', '1', '2', '152', '306', '1', '2', '8', null);
INSERT INTO `inspect_item_rec` VALUES ('6658', '2013-09-21 14:43:00', '2', '2', '152', '283', '1', '2', '8', null);
INSERT INTO `inspect_item_rec` VALUES ('6659', '2013-09-21 14:43:00', '2', '2', '152', '299', '1', '2', '8', null);
INSERT INTO `inspect_item_rec` VALUES ('6660', '2013-09-21 14:43:00', '1', '2', '152', '291', '1', '2', '8', null);
INSERT INTO `inspect_item_rec` VALUES ('6661', '2013-09-21 14:43:00', '1', '2', '152', '302', '1', '2', '8', null);
INSERT INTO `inspect_item_rec` VALUES ('6662', '2013-09-21 14:43:00', '1', '2', '152', '303', '1', '2', '8', null);
INSERT INTO `inspect_item_rec` VALUES ('6663', '2013-09-21 14:43:00', '3', '2', '152', '304', '1', '2', '8', null);
INSERT INTO `inspect_item_rec` VALUES ('6664', '2013-09-21 14:43:00', '1', '2', '152', '305', '1', '2', '8', null);
INSERT INTO `inspect_item_rec` VALUES ('6665', '2013-09-21 14:43:00', '2', '2', '152', '306', '1', '2', '8', null);
INSERT INTO `inspect_item_rec` VALUES ('6666', '2013-09-21 14:43:00', '2', '2', '152', '291', '1', '2', '8', null);
INSERT INTO `inspect_item_rec` VALUES ('6667', '2013-09-21 14:43:00', '1', '2', '152', '301', '1', '2', '8', null);
INSERT INTO `inspect_item_rec` VALUES ('6668', '2013-09-21 14:43:00', '1', '2', '152', '302', '1', '2', '8', null);
INSERT INTO `inspect_item_rec` VALUES ('6669', '2013-09-21 14:43:00', '1', '2', '152', '294', '1', '2', '8', null);
INSERT INTO `inspect_item_rec` VALUES ('6670', '2013-09-21 14:43:00', '2', '2', '152', '304', '1', '2', '8', null);
INSERT INTO `inspect_item_rec` VALUES ('6671', '2013-09-21 14:43:00', '1', '2', '152', '305', '1', '2', '8', null);
INSERT INTO `inspect_item_rec` VALUES ('6672', '2013-09-21 14:43:00', '2', '2', '152', '306', '1', '2', '8', null);
INSERT INTO `inspect_item_rec` VALUES ('6673', '2013-09-21 14:43:00', '1', '2', '152', '298', '1', '2', '8', null);
INSERT INTO `inspect_item_rec` VALUES ('6674', '2013-09-21 14:43:00', '1', '2', '152', '299', '1', '2', '8', null);
INSERT INTO `inspect_item_rec` VALUES ('6675', '2013-09-21 14:56:00', '1', '3', '153', '99', '1', '3', '9', null);
INSERT INTO `inspect_item_rec` VALUES ('6676', '2013-09-21 14:56:00', '1', '3', '153', '100', '1', '3', '9', null);
INSERT INTO `inspect_item_rec` VALUES ('6677', '2013-09-21 14:56:00', '1', '3', '153', '101', '1', '3', '9', null);
INSERT INTO `inspect_item_rec` VALUES ('6678', '2013-09-21 14:56:00', '1', '3', '153', '102', '1', '3', '9', null);
INSERT INTO `inspect_item_rec` VALUES ('6679', '2013-09-21 14:56:00', '2', '3', '153', '103', '1', '3', '9', null);
INSERT INTO `inspect_item_rec` VALUES ('6680', '2013-09-21 14:56:00', '1', '3', '153', '104', '1', '3', '9', null);
INSERT INTO `inspect_item_rec` VALUES ('6681', '2013-09-21 14:56:00', '1', '3', '153', '105', '1', '3', '9', null);
INSERT INTO `inspect_item_rec` VALUES ('6682', '2013-09-21 14:56:00', '1', '3', '153', '106', '1', '3', '9', null);
INSERT INTO `inspect_item_rec` VALUES ('6683', '2013-09-21 14:56:00', '1', '3', '153', '107', '2', '3', '9', null);
INSERT INTO `inspect_item_rec` VALUES ('6684', '2013-09-21 14:56:00', '1', '3', '153', '124', '2', '3', '9', null);
INSERT INTO `inspect_item_rec` VALUES ('6685', '2013-09-21 14:56:00', '1', '3', '153', '108', '3', '3', '9', null);
INSERT INTO `inspect_item_rec` VALUES ('6686', '2013-09-21 14:56:00', '1', '3', '153', '109', '3', '3', '9', null);
INSERT INTO `inspect_item_rec` VALUES ('6687', '2013-09-21 14:56:00', '2', '3', '153', '110', '3', '3', '9', null);
INSERT INTO `inspect_item_rec` VALUES ('6688', '2013-09-21 14:56:00', '1', '3', '153', '111', '3', '3', '9', null);
INSERT INTO `inspect_item_rec` VALUES ('6689', '2013-09-21 14:56:00', '1', '3', '153', '112', '3', '3', '9', null);
INSERT INTO `inspect_item_rec` VALUES ('6690', '2013-09-21 14:56:00', '1', '3', '153', '113', '3', '3', '9', null);
INSERT INTO `inspect_item_rec` VALUES ('6691', '2013-09-21 14:56:00', '2', '3', '153', '114', '3', '3', '9', null);
INSERT INTO `inspect_item_rec` VALUES ('6692', '2013-09-21 14:56:00', '1', '3', '153', '115', '3', '3', '9', null);
INSERT INTO `inspect_item_rec` VALUES ('6693', '2013-09-21 14:56:00', '1', '3', '153', '116', '3', '3', '9', null);
INSERT INTO `inspect_item_rec` VALUES ('6694', '2013-09-21 14:56:00', '1', '3', '153', '117', '3', '3', '9', null);
INSERT INTO `inspect_item_rec` VALUES ('6695', '2013-09-21 14:56:00', '1', '3', '153', '118', '3', '3', '9', null);
INSERT INTO `inspect_item_rec` VALUES ('6696', '2013-09-21 14:56:00', '1', '3', '153', '119', '3', '3', '9', null);
INSERT INTO `inspect_item_rec` VALUES ('6697', '2013-09-21 14:56:00', '2', '3', '153', '125', '3', '3', '9', null);
INSERT INTO `inspect_item_rec` VALUES ('6698', '2013-09-21 14:56:00', '2', '3', '153', '126', '3', '3', '9', null);
INSERT INTO `inspect_item_rec` VALUES ('6699', '2013-09-21 14:56:00', '2', '3', '153', '120', '4', '3', '9', null);
INSERT INTO `inspect_item_rec` VALUES ('6700', '2013-09-21 14:56:00', '1', '3', '153', '121', '4', '3', '9', null);
INSERT INTO `inspect_item_rec` VALUES ('6701', '2013-09-21 14:56:00', '2', '3', '153', '122', '4', '3', '9', null);
INSERT INTO `inspect_item_rec` VALUES ('6702', '2013-09-21 14:56:00', '1', '3', '153', '123', '4', '3', '9', null);
INSERT INTO `inspect_item_rec` VALUES ('6703', '2013-09-05 14:43:00', '1', '2', '154', '270', '1', '2', '8', null);
INSERT INTO `inspect_item_rec` VALUES ('6704', '2013-09-05 14:43:00', '1', '2', '154', '271', '1', '2', '8', null);
INSERT INTO `inspect_item_rec` VALUES ('6705', '2013-09-05 14:43:00', '2', '2', '154', '272', '1', '2', '8', null);
INSERT INTO `inspect_item_rec` VALUES ('6706', '2013-09-05 14:43:00', '1', '2', '154', '273', '1', '2', '8', null);
INSERT INTO `inspect_item_rec` VALUES ('6707', '2013-09-05 14:43:00', '1', '2', '154', '274', '1', '2', '8', null);
INSERT INTO `inspect_item_rec` VALUES ('6708', '2013-09-05 14:43:00', '2', '2', '154', '275', '1', '2', '8', null);
INSERT INTO `inspect_item_rec` VALUES ('6709', '2013-09-05 14:43:00', '2', '2', '154', '276', '1', '2', '8', null);
INSERT INTO `inspect_item_rec` VALUES ('6710', '2013-09-05 14:43:00', '1', '2', '154', '301', '1', '2', '8', null);
INSERT INTO `inspect_item_rec` VALUES ('6711', '2013-09-05 14:43:00', '2', '2', '154', '302', '1', '2', '8', null);
INSERT INTO `inspect_item_rec` VALUES ('6712', '2013-09-05 14:43:00', '1', '2', '154', '303', '1', '2', '8', null);
INSERT INTO `inspect_item_rec` VALUES ('6713', '2013-09-05 14:43:00', '2', '2', '154', '280', '1', '2', '8', null);
INSERT INTO `inspect_item_rec` VALUES ('6714', '2013-09-05 14:43:00', '1', '2', '154', '305', '1', '2', '8', null);
INSERT INTO `inspect_item_rec` VALUES ('6715', '2013-09-05 14:43:00', '1', '2', '154', '306', '1', '2', '8', null);
INSERT INTO `inspect_item_rec` VALUES ('6716', '2013-09-05 14:43:00', '2', '2', '154', '283', '1', '2', '8', null);
INSERT INTO `inspect_item_rec` VALUES ('6717', '2013-09-05 14:43:00', '2', '2', '154', '299', '1', '2', '8', null);
INSERT INTO `inspect_item_rec` VALUES ('6718', '2013-09-05 14:43:00', '1', '2', '154', '291', '1', '2', '8', null);
INSERT INTO `inspect_item_rec` VALUES ('6719', '2013-09-05 14:43:00', '2', '2', '154', '302', '1', '2', '8', null);
INSERT INTO `inspect_item_rec` VALUES ('6720', '2013-09-05 14:43:00', '1', '2', '154', '303', '1', '2', '8', null);
INSERT INTO `inspect_item_rec` VALUES ('6721', '2013-09-05 14:43:00', '3', '2', '154', '304', '1', '2', '8', null);
INSERT INTO `inspect_item_rec` VALUES ('6722', '2013-09-05 14:43:00', '1', '2', '154', '305', '1', '2', '8', null);
INSERT INTO `inspect_item_rec` VALUES ('6723', '2013-09-05 14:43:00', '2', '2', '154', '306', '1', '2', '8', null);
INSERT INTO `inspect_item_rec` VALUES ('6724', '2013-09-05 14:43:00', '2', '2', '154', '291', '1', '2', '8', null);
INSERT INTO `inspect_item_rec` VALUES ('6725', '2013-09-05 14:43:00', '1', '2', '154', '301', '1', '2', '8', null);
INSERT INTO `inspect_item_rec` VALUES ('6726', '2013-09-05 14:43:00', '1', '2', '154', '302', '1', '2', '8', null);
INSERT INTO `inspect_item_rec` VALUES ('6727', '2013-09-05 14:43:00', '1', '2', '154', '294', '1', '2', '8', null);
INSERT INTO `inspect_item_rec` VALUES ('6728', '2013-09-05 14:43:00', '2', '2', '154', '304', '1', '2', '8', null);
INSERT INTO `inspect_item_rec` VALUES ('6729', '2013-09-05 14:43:00', '2', '2', '154', '305', '1', '2', '8', null);
INSERT INTO `inspect_item_rec` VALUES ('6730', '2013-09-05 14:43:00', '2', '2', '154', '306', '1', '2', '8', null);
INSERT INTO `inspect_item_rec` VALUES ('6731', '2013-09-05 14:43:00', '1', '2', '154', '298', '1', '2', '8', null);
INSERT INTO `inspect_item_rec` VALUES ('6732', '2013-09-05 14:43:00', '1', '2', '154', '299', '1', '2', '8', null);
INSERT INTO `inspect_item_rec` VALUES ('6733', '2013-09-05 14:43:00', '1', '2', '154', '300', '1', '2', '8', null);
INSERT INTO `inspect_item_rec` VALUES ('6734', '2013-09-05 14:43:00', '1', '2', '154', '301', '1', '2', '8', null);
INSERT INTO `inspect_item_rec` VALUES ('6735', '2013-09-05 14:43:00', '1', '2', '154', '302', '1', '2', '8', null);
INSERT INTO `inspect_item_rec` VALUES ('6736', '2013-09-05 14:43:00', '1', '2', '154', '303', '1', '2', '8', null);
INSERT INTO `inspect_item_rec` VALUES ('6737', '2013-09-05 14:43:00', '2', '2', '154', '304', '1', '2', '8', null);
INSERT INTO `inspect_item_rec` VALUES ('6738', '2013-09-05 14:43:00', '1', '2', '154', '305', '1', '2', '8', null);
INSERT INTO `inspect_item_rec` VALUES ('6739', '2013-09-05 14:43:00', '2', '2', '154', '306', '1', '2', '8', null);
INSERT INTO `inspect_item_rec` VALUES ('6740', '2013-09-05 14:43:00', '1', '2', '154', '307', '1', '2', '8', null);
INSERT INTO `inspect_item_rec` VALUES ('6741', '2013-09-05 14:43:00', '1', '2', '154', '308', '1', '2', '8', null);
INSERT INTO `inspect_item_rec` VALUES ('6742', '2013-09-05 14:43:00', '1', '2', '154', '309', '1', '2', '8', null);
INSERT INTO `inspect_item_rec` VALUES ('6743', '2013-09-05 14:43:00', '2', '2', '154', '310', '2', '2', '8', null);
INSERT INTO `inspect_item_rec` VALUES ('6744', '2013-09-05 14:43:00', '2', '2', '154', '311', '2', '2', '8', null);
INSERT INTO `inspect_item_rec` VALUES ('6745', '2013-09-05 14:43:00', '1', '2', '154', '312', '2', '2', '8', null);
INSERT INTO `inspect_item_rec` VALUES ('6746', '2013-09-05 14:43:00', '2', '2', '154', '313', '3', '2', '8', null);
INSERT INTO `inspect_item_rec` VALUES ('6747', '2013-09-05 14:43:00', '1', '2', '154', '314', '3', '2', '8', null);
INSERT INTO `inspect_item_rec` VALUES ('6748', '2013-09-05 14:43:00', '2', '2', '154', '315', '3', '2', '8', null);
INSERT INTO `inspect_item_rec` VALUES ('6749', '2013-09-05 14:43:00', '1', '2', '154', '322', '3', '2', '8', null);
INSERT INTO `inspect_item_rec` VALUES ('6750', '2013-09-05 14:43:00', '1', '2', '154', '323', '3', '2', '8', null);
INSERT INTO `inspect_item_rec` VALUES ('6751', '2013-09-05 14:43:00', '1', '2', '154', '324', '3', '2', '8', null);
INSERT INTO `inspect_item_rec` VALUES ('6752', '2013-09-05 14:43:00', '2', '2', '154', '319', '3', '2', '8', null);
INSERT INTO `inspect_item_rec` VALUES ('6753', '2013-09-05 14:43:00', '1', '2', '154', '320', '3', '2', '8', null);
INSERT INTO `inspect_item_rec` VALUES ('6754', '2013-09-05 14:43:00', '1', '2', '154', '321', '3', '2', '8', null);
INSERT INTO `inspect_item_rec` VALUES ('6755', '2013-09-05 14:43:00', '2', '2', '154', '322', '3', '2', '8', null);
INSERT INTO `inspect_item_rec` VALUES ('6756', '2013-09-05 14:43:00', '1', '2', '154', '323', '3', '2', '8', null);
INSERT INTO `inspect_item_rec` VALUES ('6757', '2013-09-05 14:43:00', '1', '2', '154', '324', '3', '2', '8', null);
INSERT INTO `inspect_item_rec` VALUES ('6758', '2013-09-05 14:43:00', '1', '2', '154', '333', '3', '2', '8', null);
INSERT INTO `inspect_item_rec` VALUES ('6759', '2013-09-05 14:43:00', '1', '2', '154', '334', '3', '2', '8', null);
INSERT INTO `inspect_item_rec` VALUES ('6760', '2013-09-05 14:43:00', '1', '2', '154', '335', '3', '2', '8', null);
INSERT INTO `inspect_item_rec` VALUES ('6761', '2013-09-05 14:43:00', '1', '2', '154', '328', '3', '2', '8', null);
INSERT INTO `inspect_item_rec` VALUES ('6762', '2013-09-05 14:43:00', '1', '2', '154', '338', '3', '2', '8', null);
INSERT INTO `inspect_item_rec` VALUES ('6763', '2013-09-05 14:43:00', '1', '2', '154', '330', '3', '2', '8', null);
INSERT INTO `inspect_item_rec` VALUES ('6764', '2013-09-05 14:43:00', '1', '2', '154', '340', '3', '2', '8', null);
INSERT INTO `inspect_item_rec` VALUES ('6765', '2013-09-05 14:43:00', '3', '2', '154', '332', '3', '2', '8', null);
INSERT INTO `inspect_item_rec` VALUES ('6766', '2013-09-05 14:43:00', '2', '2', '154', '333', '3', '2', '8', null);
INSERT INTO `inspect_item_rec` VALUES ('6767', '2013-09-05 14:43:00', '1', '2', '154', '334', '3', '2', '8', null);
INSERT INTO `inspect_item_rec` VALUES ('6768', '2013-09-05 14:43:00', '3', '2', '154', '335', '3', '2', '8', null);
INSERT INTO `inspect_item_rec` VALUES ('6769', '2013-09-05 14:43:00', '2', '2', '154', '336', '3', '2', '8', null);
INSERT INTO `inspect_item_rec` VALUES ('6770', '2013-09-05 14:43:00', '1', '2', '154', '337', '3', '2', '8', null);
INSERT INTO `inspect_item_rec` VALUES ('6771', '2013-09-05 14:43:00', '1', '2', '154', '338', '3', '2', '8', null);
INSERT INTO `inspect_item_rec` VALUES ('6772', '2013-09-05 14:43:00', '1', '2', '154', '339', '3', '2', '8', null);
INSERT INTO `inspect_item_rec` VALUES ('6773', '2013-09-05 14:43:00', '1', '2', '154', '340', '3', '2', '8', null);
INSERT INTO `inspect_item_rec` VALUES ('6774', '2013-09-05 14:43:00', '1', '2', '154', '341', '3', '2', '8', null);
INSERT INTO `inspect_item_rec` VALUES ('6775', '2013-09-05 14:43:00', '1', '2', '154', '342', '3', '2', '8', null);
INSERT INTO `inspect_item_rec` VALUES ('6776', '2013-09-05 14:43:00', '1', '2', '154', '343', '3', '2', '8', null);
INSERT INTO `inspect_item_rec` VALUES ('6777', '2013-09-05 14:43:00', '1', '2', '154', '344', '3', '2', '8', null);
INSERT INTO `inspect_item_rec` VALUES ('6778', '2013-09-05 14:43:00', '1', '2', '154', '345', '3', '2', '8', null);
INSERT INTO `inspect_item_rec` VALUES ('6779', '2013-09-05 14:43:00', '1', '2', '154', '374', '3', '2', '8', null);
INSERT INTO `inspect_item_rec` VALUES ('6780', '2013-09-05 14:43:00', '1', '2', '154', '375', '3', '2', '8', null);
INSERT INTO `inspect_item_rec` VALUES ('6781', '2013-09-05 14:43:00', '1', '2', '154', '376', '3', '2', '8', null);
INSERT INTO `inspect_item_rec` VALUES ('6782', '2013-09-05 14:43:00', '1', '2', '154', '346', '4', '2', '8', null);
INSERT INTO `inspect_item_rec` VALUES ('6783', '2013-09-05 14:43:00', '1', '2', '154', '347', '4', '2', '8', null);
INSERT INTO `inspect_item_rec` VALUES ('6784', '2013-09-05 14:43:00', '1', '2', '154', '348', '4', '2', '8', null);
INSERT INTO `inspect_item_rec` VALUES ('6785', '2013-09-05 14:43:00', '1', '2', '154', '349', '4', '2', '8', null);
INSERT INTO `inspect_item_rec` VALUES ('6786', '2013-09-05 14:43:00', '1', '2', '154', '350', '4', '2', '8', null);
INSERT INTO `inspect_item_rec` VALUES ('6787', '2013-09-05 14:43:00', '1', '2', '154', '351', '4', '2', '8', null);
INSERT INTO `inspect_item_rec` VALUES ('6788', '2013-09-05 14:43:00', '1', '2', '154', '352', '4', '2', '8', null);
INSERT INTO `inspect_item_rec` VALUES ('6789', '2013-09-05 14:43:00', '1', '2', '154', '353', '4', '2', '8', null);
INSERT INTO `inspect_item_rec` VALUES ('6790', '2013-09-05 14:43:00', '1', '2', '155', '270', '1', '2', '8', null);
INSERT INTO `inspect_item_rec` VALUES ('6791', '2013-09-05 14:43:00', '1', '2', '155', '271', '1', '2', '8', null);
INSERT INTO `inspect_item_rec` VALUES ('6792', '2013-09-05 14:43:00', '2', '2', '155', '272', '1', '2', '8', null);
INSERT INTO `inspect_item_rec` VALUES ('6793', '2013-09-05 14:43:00', '1', '2', '155', '273', '1', '2', '8', null);
INSERT INTO `inspect_item_rec` VALUES ('6794', '2013-09-05 14:43:00', '1', '2', '155', '274', '1', '2', '8', null);
INSERT INTO `inspect_item_rec` VALUES ('6795', '2013-09-05 14:43:00', '2', '2', '155', '275', '1', '2', '8', null);
INSERT INTO `inspect_item_rec` VALUES ('6796', '2013-09-05 14:43:00', '2', '2', '155', '276', '1', '2', '8', null);
INSERT INTO `inspect_item_rec` VALUES ('6797', '2013-09-05 14:43:00', '1', '2', '155', '301', '1', '2', '8', null);
INSERT INTO `inspect_item_rec` VALUES ('6798', '2013-09-05 14:43:00', '2', '2', '155', '302', '1', '2', '8', null);
INSERT INTO `inspect_item_rec` VALUES ('6799', '2013-09-05 14:43:00', '1', '2', '155', '303', '1', '2', '8', null);
INSERT INTO `inspect_item_rec` VALUES ('6800', '2013-09-05 14:43:00', '2', '2', '155', '280', '1', '2', '8', null);
INSERT INTO `inspect_item_rec` VALUES ('6801', '2013-09-05 14:43:00', '1', '2', '155', '305', '1', '2', '8', null);
INSERT INTO `inspect_item_rec` VALUES ('6802', '2013-09-05 14:43:00', '1', '2', '155', '306', '1', '2', '8', null);
INSERT INTO `inspect_item_rec` VALUES ('6803', '2013-09-05 14:43:00', '2', '2', '155', '283', '1', '2', '8', null);
INSERT INTO `inspect_item_rec` VALUES ('6804', '2013-09-05 14:43:00', '2', '2', '155', '299', '1', '2', '8', null);
INSERT INTO `inspect_item_rec` VALUES ('6805', '2013-09-05 14:43:00', '1', '2', '155', '291', '1', '2', '8', null);
INSERT INTO `inspect_item_rec` VALUES ('6806', '2013-09-05 14:43:00', '2', '2', '155', '302', '1', '2', '8', null);
INSERT INTO `inspect_item_rec` VALUES ('6807', '2013-09-05 14:43:00', '1', '2', '155', '303', '1', '2', '8', null);
INSERT INTO `inspect_item_rec` VALUES ('6808', '2013-09-05 14:43:00', '3', '2', '155', '304', '1', '2', '8', null);
INSERT INTO `inspect_item_rec` VALUES ('6809', '2013-09-05 14:43:00', '1', '2', '155', '305', '1', '2', '8', null);
INSERT INTO `inspect_item_rec` VALUES ('6810', '2013-09-05 14:43:00', '2', '2', '155', '306', '1', '2', '8', null);
INSERT INTO `inspect_item_rec` VALUES ('6811', '2013-09-05 14:43:00', '2', '2', '155', '291', '1', '2', '8', null);
INSERT INTO `inspect_item_rec` VALUES ('6812', '2013-09-05 14:43:00', '1', '2', '155', '301', '1', '2', '8', null);
INSERT INTO `inspect_item_rec` VALUES ('6813', '2013-09-05 14:43:00', '1', '2', '155', '302', '1', '2', '8', null);
INSERT INTO `inspect_item_rec` VALUES ('6814', '2013-09-05 14:43:00', '1', '2', '155', '294', '1', '2', '8', null);
INSERT INTO `inspect_item_rec` VALUES ('6815', '2013-09-05 14:43:00', '2', '2', '155', '304', '1', '2', '8', null);
INSERT INTO `inspect_item_rec` VALUES ('6816', '2013-09-05 14:43:00', '2', '2', '155', '305', '1', '2', '8', null);
INSERT INTO `inspect_item_rec` VALUES ('6817', '2013-09-05 14:43:00', '2', '2', '155', '306', '1', '2', '8', null);
INSERT INTO `inspect_item_rec` VALUES ('6818', '2013-09-05 14:43:00', '1', '2', '155', '298', '1', '2', '8', null);
INSERT INTO `inspect_item_rec` VALUES ('6819', '2013-09-05 14:43:00', '1', '2', '155', '299', '1', '2', '8', null);
INSERT INTO `inspect_item_rec` VALUES ('6820', '2013-09-05 14:43:00', '1', '2', '155', '300', '1', '2', '8', null);
INSERT INTO `inspect_item_rec` VALUES ('6821', '2013-09-05 14:43:00', '1', '2', '155', '301', '1', '2', '8', null);
INSERT INTO `inspect_item_rec` VALUES ('6822', '2013-09-05 14:43:00', '1', '2', '155', '302', '1', '2', '8', null);
INSERT INTO `inspect_item_rec` VALUES ('6823', '2013-09-05 14:43:00', '1', '2', '155', '303', '1', '2', '8', null);
INSERT INTO `inspect_item_rec` VALUES ('6824', '2013-09-05 14:43:00', '2', '2', '155', '304', '1', '2', '8', null);
INSERT INTO `inspect_item_rec` VALUES ('6825', '2013-09-05 14:43:00', '1', '2', '155', '305', '1', '2', '8', null);
INSERT INTO `inspect_item_rec` VALUES ('6826', '2013-09-05 14:43:00', '2', '2', '155', '306', '1', '2', '8', null);
INSERT INTO `inspect_item_rec` VALUES ('6827', '2013-09-05 14:43:00', '1', '2', '155', '307', '1', '2', '8', null);
INSERT INTO `inspect_item_rec` VALUES ('6828', '2013-09-05 14:43:00', '1', '2', '155', '308', '1', '2', '8', null);
INSERT INTO `inspect_item_rec` VALUES ('6829', '2013-09-05 14:43:00', '1', '2', '155', '309', '1', '2', '8', null);
INSERT INTO `inspect_item_rec` VALUES ('6830', '2013-09-05 14:43:00', '2', '2', '155', '310', '2', '2', '8', null);
INSERT INTO `inspect_item_rec` VALUES ('6831', '2013-09-05 14:43:00', '2', '2', '155', '311', '2', '2', '8', null);
INSERT INTO `inspect_item_rec` VALUES ('6832', '2013-09-05 14:43:00', '1', '2', '155', '312', '2', '2', '8', null);
INSERT INTO `inspect_item_rec` VALUES ('6833', '2013-09-05 14:43:00', '2', '2', '155', '313', '3', '2', '8', null);
INSERT INTO `inspect_item_rec` VALUES ('6834', '2013-09-05 14:43:00', '1', '2', '155', '314', '3', '2', '8', null);
INSERT INTO `inspect_item_rec` VALUES ('6835', '2013-09-05 14:43:00', '2', '2', '155', '315', '3', '2', '8', null);
INSERT INTO `inspect_item_rec` VALUES ('6836', '2013-09-05 14:43:00', '1', '2', '155', '322', '3', '2', '8', null);
INSERT INTO `inspect_item_rec` VALUES ('6837', '2013-09-05 14:43:00', '1', '2', '155', '323', '3', '2', '8', null);
INSERT INTO `inspect_item_rec` VALUES ('6838', '2013-09-05 14:43:00', '1', '2', '155', '324', '3', '2', '8', null);
INSERT INTO `inspect_item_rec` VALUES ('6839', '2013-09-05 14:43:00', '2', '2', '155', '319', '3', '2', '8', null);
INSERT INTO `inspect_item_rec` VALUES ('6840', '2013-09-05 14:43:00', '1', '2', '155', '320', '3', '2', '8', null);
INSERT INTO `inspect_item_rec` VALUES ('6841', '2013-09-05 14:43:00', '1', '2', '155', '321', '3', '2', '8', null);
INSERT INTO `inspect_item_rec` VALUES ('6842', '2013-09-05 14:43:00', '2', '2', '155', '322', '3', '2', '8', null);
INSERT INTO `inspect_item_rec` VALUES ('6843', '2013-09-05 14:43:00', '1', '2', '155', '323', '3', '2', '8', null);
INSERT INTO `inspect_item_rec` VALUES ('6844', '2013-09-05 14:43:00', '1', '2', '155', '324', '3', '2', '8', null);
INSERT INTO `inspect_item_rec` VALUES ('6845', '2013-09-05 14:43:00', '1', '2', '155', '333', '3', '2', '8', null);
INSERT INTO `inspect_item_rec` VALUES ('6846', '2013-09-05 14:43:00', '1', '2', '155', '334', '3', '2', '8', null);
INSERT INTO `inspect_item_rec` VALUES ('6847', '2013-09-05 14:43:00', '1', '2', '155', '335', '3', '2', '8', null);
INSERT INTO `inspect_item_rec` VALUES ('6848', '2013-09-05 14:43:00', '1', '2', '155', '328', '3', '2', '8', null);
INSERT INTO `inspect_item_rec` VALUES ('6849', '2013-09-05 14:43:00', '1', '2', '155', '338', '3', '2', '8', null);
INSERT INTO `inspect_item_rec` VALUES ('6850', '2013-09-05 14:43:00', '1', '2', '155', '330', '3', '2', '8', null);
INSERT INTO `inspect_item_rec` VALUES ('6851', '2013-09-05 14:43:00', '1', '2', '155', '340', '3', '2', '8', null);
INSERT INTO `inspect_item_rec` VALUES ('6852', '2013-09-05 14:43:00', '3', '2', '155', '332', '3', '2', '8', null);
INSERT INTO `inspect_item_rec` VALUES ('6853', '2013-09-05 14:43:00', '2', '2', '155', '333', '3', '2', '8', null);
INSERT INTO `inspect_item_rec` VALUES ('6854', '2013-09-05 14:43:00', '1', '2', '155', '334', '3', '2', '8', null);
INSERT INTO `inspect_item_rec` VALUES ('6855', '2013-09-05 14:43:00', '3', '2', '155', '335', '3', '2', '8', null);
INSERT INTO `inspect_item_rec` VALUES ('6856', '2013-09-05 14:43:00', '2', '2', '155', '336', '3', '2', '8', null);
INSERT INTO `inspect_item_rec` VALUES ('6857', '2013-09-05 14:43:00', '1', '2', '155', '337', '3', '2', '8', null);
INSERT INTO `inspect_item_rec` VALUES ('6858', '2013-09-05 14:43:00', '1', '2', '155', '338', '3', '2', '8', null);
INSERT INTO `inspect_item_rec` VALUES ('6859', '2013-09-05 14:43:00', '1', '2', '155', '339', '3', '2', '8', null);
INSERT INTO `inspect_item_rec` VALUES ('6860', '2013-09-05 14:43:00', '1', '2', '155', '340', '3', '2', '8', null);
INSERT INTO `inspect_item_rec` VALUES ('6861', '2013-09-05 14:43:00', '1', '2', '155', '341', '3', '2', '8', null);
INSERT INTO `inspect_item_rec` VALUES ('6862', '2013-09-05 14:43:00', '1', '2', '155', '342', '3', '2', '8', null);
INSERT INTO `inspect_item_rec` VALUES ('6863', '2013-09-05 14:43:00', '1', '2', '155', '343', '3', '2', '8', null);
INSERT INTO `inspect_item_rec` VALUES ('6864', '2013-09-05 14:43:00', '1', '2', '155', '344', '3', '2', '8', null);
INSERT INTO `inspect_item_rec` VALUES ('6865', '2013-09-05 14:43:00', '1', '2', '155', '345', '3', '2', '8', null);
INSERT INTO `inspect_item_rec` VALUES ('6866', '2013-09-05 14:43:00', '1', '2', '155', '374', '3', '2', '8', null);
INSERT INTO `inspect_item_rec` VALUES ('6867', '2013-09-05 14:43:00', '1', '2', '155', '375', '3', '2', '8', null);
INSERT INTO `inspect_item_rec` VALUES ('6868', '2013-09-05 14:43:00', '1', '2', '155', '376', '3', '2', '8', null);
INSERT INTO `inspect_item_rec` VALUES ('6869', '2013-09-05 14:43:00', '1', '2', '155', '346', '4', '2', '8', null);
INSERT INTO `inspect_item_rec` VALUES ('6870', '2013-09-05 14:43:00', '1', '2', '155', '347', '4', '2', '8', null);
INSERT INTO `inspect_item_rec` VALUES ('6871', '2013-09-05 14:43:00', '1', '2', '155', '348', '4', '2', '8', null);
INSERT INTO `inspect_item_rec` VALUES ('6872', '2013-09-05 14:43:00', '1', '2', '155', '349', '4', '2', '8', null);
INSERT INTO `inspect_item_rec` VALUES ('6873', '2013-09-05 14:43:00', '1', '2', '155', '350', '4', '2', '8', null);
INSERT INTO `inspect_item_rec` VALUES ('6874', '2013-09-05 14:43:00', '1', '2', '155', '351', '4', '2', '8', null);
INSERT INTO `inspect_item_rec` VALUES ('6875', '2013-09-05 14:43:00', '1', '2', '155', '352', '4', '2', '8', null);
INSERT INTO `inspect_item_rec` VALUES ('6876', '2013-09-05 14:43:00', '1', '2', '155', '353', '4', '2', '8', null);
INSERT INTO `inspect_item_rec` VALUES ('6877', '2013-09-05 14:43:00', '1', '2', '155', '354', '4', '2', '8', null);
INSERT INTO `inspect_item_rec` VALUES ('6878', '2013-09-05 14:43:00', '2', '2', '155', '355', '4', '2', '8', null);
INSERT INTO `inspect_item_rec` VALUES ('6879', '2013-09-05 14:43:00', '1', '2', '155', '356', '4', '2', '8', null);
INSERT INTO `inspect_item_rec` VALUES ('6880', '2013-09-05 14:43:00', '1', '2', '155', '357', '4', '2', '8', null);
INSERT INTO `inspect_item_rec` VALUES ('6881', '2013-09-05 14:43:00', '1', '2', '155', '358', '4', '2', '8', null);
INSERT INTO `inspect_item_rec` VALUES ('6882', '2013-09-05 14:43:00', '1', '2', '155', '359', '4', '2', '8', null);
INSERT INTO `inspect_item_rec` VALUES ('6883', '2013-09-05 14:43:00', '1', '2', '155', '360', '4', '2', '8', null);
INSERT INTO `inspect_item_rec` VALUES ('6884', '2013-09-05 14:43:00', '1', '2', '155', '361', '4', '2', '8', null);
INSERT INTO `inspect_item_rec` VALUES ('6885', '2013-09-05 14:43:00', '1', '2', '155', '362', '4', '2', '8', null);
INSERT INTO `inspect_item_rec` VALUES ('6886', '2013-09-05 14:43:00', '1', '2', '155', '363', '4', '2', '8', null);
INSERT INTO `inspect_item_rec` VALUES ('6887', '2013-09-05 14:43:00', '1', '2', '155', '364', '4', '2', '8', null);
INSERT INTO `inspect_item_rec` VALUES ('6888', '2013-09-05 14:43:00', '3', '2', '155', '365', '4', '2', '8', null);
INSERT INTO `inspect_item_rec` VALUES ('6889', '2013-09-05 14:43:00', '3', '2', '155', '366', '4', '2', '8', null);
INSERT INTO `inspect_item_rec` VALUES ('6890', '2013-09-05 14:43:00', '1', '2', '155', '367', '4', '2', '8', null);
INSERT INTO `inspect_item_rec` VALUES ('6891', '2013-09-05 14:43:00', '1', '2', '155', '368', '4', '2', '8', null);
INSERT INTO `inspect_item_rec` VALUES ('6892', '2013-09-05 14:43:00', '1', '2', '155', '369', '4', '2', '8', null);
INSERT INTO `inspect_item_rec` VALUES ('6893', '2013-09-05 14:43:00', '1', '2', '155', '370', '4', '2', '8', null);
INSERT INTO `inspect_item_rec` VALUES ('6894', '2013-09-05 14:43:00', '1', '2', '155', '371', '4', '2', '8', null);
INSERT INTO `inspect_item_rec` VALUES ('6895', '2013-09-05 14:43:00', '1', '2', '155', '372', '4', '2', '8', null);
INSERT INTO `inspect_item_rec` VALUES ('6896', '2013-09-05 14:43:00', '1', '2', '155', '373', '4', '2', '8', null);
INSERT INTO `inspect_item_rec` VALUES ('6897', '2013-09-25 14:12:00', '1', '1', '156', '140', '1', '1', '7', null);
INSERT INTO `inspect_item_rec` VALUES ('6898', '2013-09-25 14:12:00', '1', '1', '156', '141', '1', '1', '7', null);
INSERT INTO `inspect_item_rec` VALUES ('6899', '2013-09-25 14:12:00', '1', '1', '156', '142', '1', '1', '7', null);
INSERT INTO `inspect_item_rec` VALUES ('6900', '2013-09-25 14:12:00', '2', '1', '156', '143', '1', '1', '7', null);
INSERT INTO `inspect_item_rec` VALUES ('6901', '2013-09-25 14:12:00', '1', '1', '156', '144', '1', '1', '7', null);
INSERT INTO `inspect_item_rec` VALUES ('6902', '2013-09-25 14:12:00', '2', '1', '156', '145', '1', '1', '7', null);
INSERT INTO `inspect_item_rec` VALUES ('6903', '2013-09-25 14:12:00', '1', '1', '156', '146', '1', '1', '7', null);
INSERT INTO `inspect_item_rec` VALUES ('6904', '2013-09-25 14:12:00', '1', '1', '156', '147', '1', '1', '7', null);
INSERT INTO `inspect_item_rec` VALUES ('6905', '2013-09-25 14:12:00', '1', '1', '156', '158', '1', '1', '7', null);
INSERT INTO `inspect_item_rec` VALUES ('6906', '2013-09-25 14:12:00', '2', '1', '156', '160', '1', '1', '7', null);
INSERT INTO `inspect_item_rec` VALUES ('6907', '2013-09-25 14:12:00', '2', '1', '156', '161', '1', '1', '7', null);
INSERT INTO `inspect_item_rec` VALUES ('6908', '2013-09-25 14:12:00', '1', '1', '156', '172', '1', '1', '7', null);
INSERT INTO `inspect_item_rec` VALUES ('6909', '2013-09-25 14:12:00', '1', '1', '156', '176', '1', '1', '7', null);
INSERT INTO `inspect_item_rec` VALUES ('6910', '2013-09-25 14:12:00', '1', '1', '156', '180', '1', '1', '7', null);
INSERT INTO `inspect_item_rec` VALUES ('6911', '2013-09-25 14:12:00', '2', '1', '156', '184', '1', '1', '7', null);
INSERT INTO `inspect_item_rec` VALUES ('6912', '2013-09-25 14:12:00', '1', '1', '156', '148', '2', '1', '7', null);
INSERT INTO `inspect_item_rec` VALUES ('6913', '2013-09-25 14:12:00', '1', '1', '156', '150', '2', '1', '7', null);
INSERT INTO `inspect_item_rec` VALUES ('6914', '2013-09-25 14:12:00', '2', '1', '156', '150', '2', '1', '7', null);
INSERT INTO `inspect_item_rec` VALUES ('6915', '2013-09-25 14:12:00', '1', '1', '156', '151', '2', '1', '7', null);
INSERT INTO `inspect_item_rec` VALUES ('6916', '2013-09-25 14:12:00', '2', '1', '156', '152', '2', '1', '7', null);
INSERT INTO `inspect_item_rec` VALUES ('6917', '2013-09-25 14:12:00', '1', '1', '156', '173', '2', '1', '7', null);
INSERT INTO `inspect_item_rec` VALUES ('6918', '2013-09-25 14:12:00', '2', '1', '156', '177', '2', '1', '7', null);
INSERT INTO `inspect_item_rec` VALUES ('6919', '2013-09-25 14:12:00', '2', '1', '156', '181', '2', '1', '7', null);
INSERT INTO `inspect_item_rec` VALUES ('6920', '2013-09-25 14:12:00', '1', '1', '156', '185', '2', '1', '7', null);
INSERT INTO `inspect_item_rec` VALUES ('6921', '2013-09-25 14:12:00', '1', '1', '156', '163', '3', '1', '7', null);
INSERT INTO `inspect_item_rec` VALUES ('6922', '2013-09-25 14:12:00', '1', '1', '156', '154', '3', '1', '7', null);
INSERT INTO `inspect_item_rec` VALUES ('6923', '2013-09-25 14:12:00', '1', '1', '156', '155', '3', '1', '7', null);
INSERT INTO `inspect_item_rec` VALUES ('6924', '2013-09-25 14:12:00', '1', '1', '156', '156', '3', '1', '7', null);
INSERT INTO `inspect_item_rec` VALUES ('6925', '2013-09-25 14:12:00', '3', '1', '156', '162', '3', '1', '7', null);
INSERT INTO `inspect_item_rec` VALUES ('6926', '2013-09-25 14:12:00', '1', '1', '156', '163', '3', '1', '7', null);
INSERT INTO `inspect_item_rec` VALUES ('6927', '2013-09-25 14:12:00', '1', '1', '156', '164', '3', '1', '7', null);
INSERT INTO `inspect_item_rec` VALUES ('6928', '2013-09-25 14:12:00', '1', '1', '156', '165', '3', '1', '7', null);
INSERT INTO `inspect_item_rec` VALUES ('6929', '2013-09-25 14:12:00', '1', '1', '156', '166', '3', '1', '7', null);
INSERT INTO `inspect_item_rec` VALUES ('6930', '2013-09-25 14:12:00', '3', '1', '156', '174', '3', '1', '7', null);
INSERT INTO `inspect_item_rec` VALUES ('6931', '2013-09-25 14:12:00', '1', '1', '156', '178', '3', '1', '7', null);
INSERT INTO `inspect_item_rec` VALUES ('6932', '2013-09-25 14:12:00', '1', '1', '156', '182', '3', '1', '7', null);
INSERT INTO `inspect_item_rec` VALUES ('6933', '2013-09-25 14:12:00', '1', '1', '156', '186', '3', '1', '7', null);
INSERT INTO `inspect_item_rec` VALUES ('6934', '2013-09-25 14:12:00', '1', '1', '156', '157', '4', '1', '7', null);
INSERT INTO `inspect_item_rec` VALUES ('6935', '2013-09-25 14:12:00', '2', '1', '156', '159', '4', '1', '7', null);
INSERT INTO `inspect_item_rec` VALUES ('6936', '2013-09-25 14:12:00', '1', '1', '156', '167', '4', '1', '7', null);
INSERT INTO `inspect_item_rec` VALUES ('6937', '2013-09-25 14:12:00', '2', '1', '156', '168', '4', '1', '7', null);
INSERT INTO `inspect_item_rec` VALUES ('6938', '2013-09-25 14:12:00', '1', '1', '156', '169', '4', '1', '7', null);
INSERT INTO `inspect_item_rec` VALUES ('6939', '2013-09-25 14:12:00', '1', '1', '156', '170', '4', '1', '7', null);
INSERT INTO `inspect_item_rec` VALUES ('6940', '2013-09-25 14:12:00', '1', '1', '156', '171', '4', '1', '7', null);
INSERT INTO `inspect_item_rec` VALUES ('6941', '2013-09-25 14:12:00', '1', '1', '156', '175', '4', '1', '7', null);
INSERT INTO `inspect_item_rec` VALUES ('6942', '2013-09-25 14:12:00', '1', '1', '156', '179', '4', '1', '7', null);
INSERT INTO `inspect_item_rec` VALUES ('6943', '2013-09-25 14:12:00', '1', '1', '156', '183', '4', '1', '7', null);
INSERT INTO `inspect_item_rec` VALUES ('6944', '2013-09-25 14:12:00', '2', '1', '156', '187', '4', '1', '7', null);
INSERT INTO `inspect_item_rec` VALUES ('6945', '2013-09-25 14:43:00', '1', '2', '157', '270', '1', '2', '8', null);
INSERT INTO `inspect_item_rec` VALUES ('6946', '2013-09-25 14:43:00', '1', '2', '157', '271', '1', '2', '8', null);
INSERT INTO `inspect_item_rec` VALUES ('6947', '2013-09-25 14:43:00', '1', '2', '157', '272', '1', '2', '8', null);
INSERT INTO `inspect_item_rec` VALUES ('6948', '2013-09-25 14:43:00', '1', '2', '157', '273', '1', '2', '8', null);
INSERT INTO `inspect_item_rec` VALUES ('6949', '2013-09-25 14:43:00', '1', '2', '157', '274', '1', '2', '8', null);
INSERT INTO `inspect_item_rec` VALUES ('6950', '2013-09-25 14:43:00', '1', '2', '157', '275', '1', '2', '8', null);
INSERT INTO `inspect_item_rec` VALUES ('6951', '2013-09-25 14:43:00', '2', '2', '157', '276', '1', '2', '8', null);
INSERT INTO `inspect_item_rec` VALUES ('6952', '2013-09-25 14:43:00', '1', '2', '157', '301', '1', '2', '8', null);
INSERT INTO `inspect_item_rec` VALUES ('6953', '2013-09-25 14:43:00', '1', '2', '157', '302', '1', '2', '8', null);
INSERT INTO `inspect_item_rec` VALUES ('6954', '2013-09-25 14:43:00', '1', '2', '157', '303', '1', '2', '8', null);
INSERT INTO `inspect_item_rec` VALUES ('6955', '2013-09-25 14:43:00', '2', '2', '157', '280', '1', '2', '8', null);
INSERT INTO `inspect_item_rec` VALUES ('6956', '2013-09-25 14:43:00', '1', '2', '157', '305', '1', '2', '8', null);
INSERT INTO `inspect_item_rec` VALUES ('6957', '2013-09-25 14:43:00', '1', '2', '157', '306', '1', '2', '8', null);
INSERT INTO `inspect_item_rec` VALUES ('6958', '2013-09-25 14:43:00', '1', '2', '157', '283', '1', '2', '8', null);
INSERT INTO `inspect_item_rec` VALUES ('6959', '2013-09-25 14:43:00', '1', '2', '157', '299', '1', '2', '8', null);
INSERT INTO `inspect_item_rec` VALUES ('6960', '2013-09-25 14:43:00', '1', '2', '157', '291', '1', '2', '8', null);
INSERT INTO `inspect_item_rec` VALUES ('6961', '2013-09-25 14:43:00', '2', '2', '157', '302', '1', '2', '8', null);
INSERT INTO `inspect_item_rec` VALUES ('6962', '2013-09-25 14:43:00', '1', '2', '157', '303', '1', '2', '8', null);
INSERT INTO `inspect_item_rec` VALUES ('6963', '2013-09-25 14:43:00', '3', '2', '157', '304', '1', '2', '8', null);
INSERT INTO `inspect_item_rec` VALUES ('6964', '2013-09-25 14:43:00', '1', '2', '157', '305', '1', '2', '8', null);
INSERT INTO `inspect_item_rec` VALUES ('6965', '2013-09-25 14:43:00', '1', '2', '157', '306', '1', '2', '8', null);
INSERT INTO `inspect_item_rec` VALUES ('6966', '2013-09-25 14:43:00', '1', '2', '157', '291', '1', '2', '8', null);
INSERT INTO `inspect_item_rec` VALUES ('6967', '2013-09-25 14:43:00', '1', '2', '157', '301', '1', '2', '8', null);
INSERT INTO `inspect_item_rec` VALUES ('6968', '2013-09-25 14:43:00', '1', '2', '157', '302', '1', '2', '8', null);
INSERT INTO `inspect_item_rec` VALUES ('6969', '2013-09-25 14:43:00', '1', '2', '157', '294', '1', '2', '8', null);
INSERT INTO `inspect_item_rec` VALUES ('6970', '2013-09-25 14:43:00', '2', '2', '157', '304', '1', '2', '8', null);
INSERT INTO `inspect_item_rec` VALUES ('6971', '2013-09-25 14:43:00', '2', '2', '157', '305', '1', '2', '8', null);
INSERT INTO `inspect_item_rec` VALUES ('6972', '2013-09-25 14:43:00', '2', '2', '157', '306', '1', '2', '8', null);
INSERT INTO `inspect_item_rec` VALUES ('6973', '2013-09-25 14:43:00', '1', '2', '157', '298', '1', '2', '8', null);
INSERT INTO `inspect_item_rec` VALUES ('6974', '2013-09-25 14:43:00', '1', '2', '157', '299', '1', '2', '8', null);
INSERT INTO `inspect_item_rec` VALUES ('6975', '2013-09-25 14:43:00', '1', '2', '157', '300', '1', '2', '8', null);
INSERT INTO `inspect_item_rec` VALUES ('6976', '2013-09-25 14:43:00', '1', '2', '157', '301', '1', '2', '8', null);
INSERT INTO `inspect_item_rec` VALUES ('6977', '2013-09-25 14:43:00', '1', '2', '157', '302', '1', '2', '8', null);
INSERT INTO `inspect_item_rec` VALUES ('6978', '2013-09-25 14:43:00', '1', '2', '157', '303', '1', '2', '8', null);
INSERT INTO `inspect_item_rec` VALUES ('6979', '2013-09-25 14:43:00', '2', '2', '157', '304', '1', '2', '8', null);
INSERT INTO `inspect_item_rec` VALUES ('6980', '2013-09-25 14:43:00', '1', '2', '157', '305', '1', '2', '8', null);
INSERT INTO `inspect_item_rec` VALUES ('6981', '2013-09-25 14:43:00', '2', '2', '157', '306', '1', '2', '8', null);
INSERT INTO `inspect_item_rec` VALUES ('6982', '2013-09-25 14:43:00', '1', '2', '157', '307', '1', '2', '8', null);
INSERT INTO `inspect_item_rec` VALUES ('6983', '2013-09-25 14:43:00', '1', '2', '157', '308', '1', '2', '8', null);
INSERT INTO `inspect_item_rec` VALUES ('6984', '2013-09-25 14:43:00', '1', '2', '157', '309', '1', '2', '8', null);
INSERT INTO `inspect_item_rec` VALUES ('6985', '2013-09-25 14:43:00', '2', '2', '157', '310', '2', '2', '8', null);
INSERT INTO `inspect_item_rec` VALUES ('6986', '2013-09-25 14:43:00', '2', '2', '157', '311', '2', '2', '8', null);
INSERT INTO `inspect_item_rec` VALUES ('6987', '2013-09-25 14:43:00', '1', '2', '157', '312', '2', '2', '8', null);
INSERT INTO `inspect_item_rec` VALUES ('6988', '2013-09-25 14:43:00', '2', '2', '157', '313', '3', '2', '8', null);
INSERT INTO `inspect_item_rec` VALUES ('6989', '2013-09-25 14:43:00', '1', '2', '157', '314', '3', '2', '8', null);
INSERT INTO `inspect_item_rec` VALUES ('6990', '2013-09-25 14:43:00', '2', '2', '157', '315', '3', '2', '8', null);
INSERT INTO `inspect_item_rec` VALUES ('6991', '2013-09-25 14:43:00', '1', '2', '157', '322', '3', '2', '8', null);
INSERT INTO `inspect_item_rec` VALUES ('6992', '2013-09-25 14:43:00', '1', '2', '157', '323', '3', '2', '8', null);
INSERT INTO `inspect_item_rec` VALUES ('6993', '2013-09-25 14:43:00', '1', '2', '157', '324', '3', '2', '8', null);
INSERT INTO `inspect_item_rec` VALUES ('6994', '2013-09-25 14:43:00', '2', '2', '157', '319', '3', '2', '8', null);
INSERT INTO `inspect_item_rec` VALUES ('6995', '2013-09-25 14:43:00', '1', '2', '157', '320', '3', '2', '8', null);
INSERT INTO `inspect_item_rec` VALUES ('6996', '2013-09-25 14:43:00', '1', '2', '157', '321', '3', '2', '8', null);
INSERT INTO `inspect_item_rec` VALUES ('6997', '2013-09-25 14:43:00', '2', '2', '157', '322', '3', '2', '8', null);
INSERT INTO `inspect_item_rec` VALUES ('6998', '2013-09-25 14:43:00', '1', '2', '157', '323', '3', '2', '8', null);
INSERT INTO `inspect_item_rec` VALUES ('6999', '2013-09-25 14:43:00', '1', '2', '157', '324', '3', '2', '8', null);
INSERT INTO `inspect_item_rec` VALUES ('7000', '2013-09-25 14:43:00', '1', '2', '157', '333', '3', '2', '8', null);
INSERT INTO `inspect_item_rec` VALUES ('7001', '2013-09-25 14:43:00', '1', '2', '157', '334', '3', '2', '8', null);
INSERT INTO `inspect_item_rec` VALUES ('7002', '2013-09-25 14:43:00', '1', '2', '157', '335', '3', '2', '8', null);
INSERT INTO `inspect_item_rec` VALUES ('7003', '2013-09-25 14:43:00', '1', '2', '157', '328', '3', '2', '8', null);
INSERT INTO `inspect_item_rec` VALUES ('7004', '2013-09-25 14:43:00', '1', '2', '157', '338', '3', '2', '8', null);
INSERT INTO `inspect_item_rec` VALUES ('7005', '2013-09-25 14:43:00', '1', '2', '157', '330', '3', '2', '8', null);
INSERT INTO `inspect_item_rec` VALUES ('7006', '2013-09-25 14:43:00', '1', '2', '157', '340', '3', '2', '8', null);
INSERT INTO `inspect_item_rec` VALUES ('7007', '2013-09-25 14:43:00', '3', '2', '157', '332', '3', '2', '8', null);
INSERT INTO `inspect_item_rec` VALUES ('7008', '2013-09-25 14:43:00', '2', '2', '157', '333', '3', '2', '8', null);
INSERT INTO `inspect_item_rec` VALUES ('7009', '2013-09-25 14:43:00', '1', '2', '157', '334', '3', '2', '8', null);
INSERT INTO `inspect_item_rec` VALUES ('7010', '2013-09-25 14:43:00', '3', '2', '157', '335', '3', '2', '8', null);
INSERT INTO `inspect_item_rec` VALUES ('7011', '2013-09-25 14:43:00', '2', '2', '157', '336', '3', '2', '8', null);
INSERT INTO `inspect_item_rec` VALUES ('7012', '2013-09-25 14:43:00', '1', '2', '157', '337', '3', '2', '8', null);
INSERT INTO `inspect_item_rec` VALUES ('7013', '2013-09-25 14:43:00', '1', '2', '157', '338', '3', '2', '8', null);
INSERT INTO `inspect_item_rec` VALUES ('7014', '2013-09-25 14:43:00', '1', '2', '157', '339', '3', '2', '8', null);
INSERT INTO `inspect_item_rec` VALUES ('7015', '2013-09-25 14:43:00', '1', '2', '157', '340', '3', '2', '8', null);
INSERT INTO `inspect_item_rec` VALUES ('7016', '2013-09-25 14:43:00', '1', '2', '157', '341', '3', '2', '8', null);
INSERT INTO `inspect_item_rec` VALUES ('7017', '2013-09-25 14:43:00', '1', '2', '157', '342', '3', '2', '8', null);
INSERT INTO `inspect_item_rec` VALUES ('7018', '2013-09-25 14:43:00', '1', '2', '157', '343', '3', '2', '8', null);
INSERT INTO `inspect_item_rec` VALUES ('7019', '2013-09-25 14:43:00', '1', '2', '157', '344', '3', '2', '8', null);
INSERT INTO `inspect_item_rec` VALUES ('7020', '2013-09-25 14:43:00', '1', '2', '157', '345', '3', '2', '8', null);
INSERT INTO `inspect_item_rec` VALUES ('7021', '2013-09-25 14:43:00', '1', '2', '157', '374', '3', '2', '8', null);
INSERT INTO `inspect_item_rec` VALUES ('7022', '2013-09-25 14:43:00', '1', '2', '157', '375', '3', '2', '8', null);
INSERT INTO `inspect_item_rec` VALUES ('7023', '2013-09-25 14:43:00', '1', '2', '157', '376', '3', '2', '8', null);
INSERT INTO `inspect_item_rec` VALUES ('7024', '2013-09-25 14:43:00', '1', '2', '157', '346', '4', '2', '8', null);
INSERT INTO `inspect_item_rec` VALUES ('7025', '2013-09-25 14:43:00', '1', '2', '157', '347', '4', '2', '8', null);
INSERT INTO `inspect_item_rec` VALUES ('7026', '2013-09-25 14:43:00', '1', '2', '157', '348', '4', '2', '8', null);
INSERT INTO `inspect_item_rec` VALUES ('7027', '2013-09-25 14:43:00', '1', '2', '157', '349', '4', '2', '8', null);
INSERT INTO `inspect_item_rec` VALUES ('7028', '2013-09-25 14:43:00', '1', '2', '157', '350', '4', '2', '8', null);
INSERT INTO `inspect_item_rec` VALUES ('7029', '2013-09-25 14:43:00', '1', '2', '157', '351', '4', '2', '8', null);
INSERT INTO `inspect_item_rec` VALUES ('7030', '2013-09-25 14:43:00', '1', '2', '157', '352', '4', '2', '8', null);
INSERT INTO `inspect_item_rec` VALUES ('7031', '2013-09-25 14:43:00', '1', '2', '157', '353', '4', '2', '8', null);
INSERT INTO `inspect_item_rec` VALUES ('7032', '2013-09-25 14:43:00', '1', '2', '157', '354', '4', '2', '8', null);
INSERT INTO `inspect_item_rec` VALUES ('7033', '2013-09-25 14:43:00', '2', '2', '157', '355', '4', '2', '8', null);
INSERT INTO `inspect_item_rec` VALUES ('7034', '2013-09-25 14:43:00', '1', '2', '157', '356', '4', '2', '8', null);
INSERT INTO `inspect_item_rec` VALUES ('7035', '2013-09-25 14:43:00', '1', '2', '157', '357', '4', '2', '8', null);
INSERT INTO `inspect_item_rec` VALUES ('7036', '2013-09-25 14:43:00', '1', '2', '157', '358', '4', '2', '8', null);
INSERT INTO `inspect_item_rec` VALUES ('7037', '2013-09-25 14:43:00', '1', '2', '157', '359', '4', '2', '8', null);
INSERT INTO `inspect_item_rec` VALUES ('7038', '2013-09-25 14:43:00', '1', '2', '157', '360', '4', '2', '8', null);
INSERT INTO `inspect_item_rec` VALUES ('7039', '2013-09-25 14:43:00', '1', '2', '157', '361', '4', '2', '8', null);
INSERT INTO `inspect_item_rec` VALUES ('7040', '2013-09-25 14:43:00', '1', '2', '157', '362', '4', '2', '8', null);
INSERT INTO `inspect_item_rec` VALUES ('7041', '2013-09-25 14:43:00', '1', '2', '157', '363', '4', '2', '8', null);
INSERT INTO `inspect_item_rec` VALUES ('7042', '2013-09-25 14:43:00', '1', '2', '157', '364', '4', '2', '8', null);
INSERT INTO `inspect_item_rec` VALUES ('7043', '2013-09-25 14:43:00', '3', '2', '157', '365', '4', '2', '8', null);
INSERT INTO `inspect_item_rec` VALUES ('7044', '2013-09-25 14:43:00', '3', '2', '157', '366', '4', '2', '8', null);
INSERT INTO `inspect_item_rec` VALUES ('7045', '2013-09-25 14:43:00', '1', '2', '157', '367', '4', '2', '8', null);
INSERT INTO `inspect_item_rec` VALUES ('7046', '2013-09-25 14:43:00', '1', '2', '157', '368', '4', '2', '8', null);
INSERT INTO `inspect_item_rec` VALUES ('7047', '2013-09-25 14:43:00', '1', '2', '157', '369', '4', '2', '8', null);
INSERT INTO `inspect_item_rec` VALUES ('7048', '2013-09-25 14:43:00', '1', '2', '157', '370', '4', '2', '8', null);
INSERT INTO `inspect_item_rec` VALUES ('7049', '2013-09-25 14:43:00', '1', '2', '157', '371', '4', '2', '8', null);
INSERT INTO `inspect_item_rec` VALUES ('7050', '2013-09-25 14:43:00', '1', '2', '157', '372', '4', '2', '8', null);
INSERT INTO `inspect_item_rec` VALUES ('7051', '2013-09-25 14:43:00', '1', '2', '157', '373', '4', '2', '8', null);
INSERT INTO `inspect_item_rec` VALUES ('7052', '2013-09-25 14:56:00', '1', '3', '158', '99', '1', '3', '9', null);
INSERT INTO `inspect_item_rec` VALUES ('7053', '2013-09-25 14:56:00', '1', '3', '158', '100', '1', '3', '9', null);
INSERT INTO `inspect_item_rec` VALUES ('7054', '2013-09-25 14:56:00', '1', '3', '158', '101', '1', '3', '9', null);
INSERT INTO `inspect_item_rec` VALUES ('7055', '2013-09-25 14:56:00', '1', '3', '158', '102', '1', '3', '9', null);
INSERT INTO `inspect_item_rec` VALUES ('7056', '2013-09-25 14:56:00', '1', '3', '158', '103', '1', '3', '9', null);
INSERT INTO `inspect_item_rec` VALUES ('7057', '2013-09-25 14:56:00', '1', '3', '158', '104', '1', '3', '9', null);
INSERT INTO `inspect_item_rec` VALUES ('7058', '2013-09-25 14:56:00', '1', '3', '158', '105', '1', '3', '9', null);
INSERT INTO `inspect_item_rec` VALUES ('7059', '2013-09-25 14:56:00', '1', '3', '158', '106', '1', '3', '9', null);
INSERT INTO `inspect_item_rec` VALUES ('7060', '2013-09-25 14:56:00', '1', '3', '158', '107', '2', '3', '9', null);
INSERT INTO `inspect_item_rec` VALUES ('7061', '2013-09-25 14:56:00', '1', '3', '158', '124', '2', '3', '9', null);
INSERT INTO `inspect_item_rec` VALUES ('7062', '2013-09-25 14:56:00', '1', '3', '158', '108', '3', '3', '9', null);
INSERT INTO `inspect_item_rec` VALUES ('7063', '2013-09-25 14:56:00', '1', '3', '158', '109', '3', '3', '9', null);
INSERT INTO `inspect_item_rec` VALUES ('7064', '2013-09-25 14:56:00', '1', '3', '158', '110', '3', '3', '9', null);
INSERT INTO `inspect_item_rec` VALUES ('7065', '2013-09-25 14:56:00', '1', '3', '158', '111', '3', '3', '9', null);
INSERT INTO `inspect_item_rec` VALUES ('7066', '2013-09-25 14:56:00', '1', '3', '158', '112', '3', '3', '9', null);
INSERT INTO `inspect_item_rec` VALUES ('7067', '2013-09-25 14:56:00', '1', '3', '158', '113', '3', '3', '9', null);
INSERT INTO `inspect_item_rec` VALUES ('7068', '2013-09-25 14:56:00', '2', '3', '158', '114', '3', '3', '9', null);
INSERT INTO `inspect_item_rec` VALUES ('7069', '2013-09-25 14:56:00', '1', '3', '158', '115', '3', '3', '9', null);
INSERT INTO `inspect_item_rec` VALUES ('7070', '2013-09-25 14:56:00', '1', '3', '158', '116', '3', '3', '9', null);
INSERT INTO `inspect_item_rec` VALUES ('7071', '2013-09-25 14:56:00', '1', '3', '158', '117', '3', '3', '9', null);
INSERT INTO `inspect_item_rec` VALUES ('7072', '2013-09-25 14:56:00', '1', '3', '158', '118', '3', '3', '9', null);
INSERT INTO `inspect_item_rec` VALUES ('7073', '2013-09-25 14:56:00', '1', '3', '158', '119', '3', '3', '9', null);
INSERT INTO `inspect_item_rec` VALUES ('7074', '2013-09-25 14:56:00', '1', '3', '158', '125', '3', '3', '9', null);
INSERT INTO `inspect_item_rec` VALUES ('7075', '2013-09-25 14:56:00', '2', '3', '158', '126', '3', '3', '9', null);
INSERT INTO `inspect_item_rec` VALUES ('7076', '2013-09-25 14:56:00', '2', '3', '158', '120', '4', '3', '9', null);
INSERT INTO `inspect_item_rec` VALUES ('7077', '2013-09-25 14:56:00', '1', '3', '158', '121', '4', '3', '9', null);
INSERT INTO `inspect_item_rec` VALUES ('7078', '2013-09-25 14:56:00', '1', '3', '158', '122', '4', '3', '9', null);
INSERT INTO `inspect_item_rec` VALUES ('7079', '2013-09-25 14:56:00', '1', '3', '158', '123', '4', '3', '9', null);
INSERT INTO `inspect_item_rec` VALUES ('7080', '2013-09-30 14:12:00', '1', '1', '159', '140', '1', '1', '7', null);
INSERT INTO `inspect_item_rec` VALUES ('7081', '2013-09-30 14:12:00', '2', '1', '159', '141', '1', '1', '7', null);
INSERT INTO `inspect_item_rec` VALUES ('7082', '2013-09-30 14:12:00', '1', '1', '159', '142', '1', '1', '7', null);
INSERT INTO `inspect_item_rec` VALUES ('7083', '2013-09-30 14:12:00', '2', '1', '159', '143', '1', '1', '7', null);
INSERT INTO `inspect_item_rec` VALUES ('7084', '2013-09-30 14:12:00', '1', '1', '159', '144', '1', '1', '7', null);
INSERT INTO `inspect_item_rec` VALUES ('7085', '2013-09-30 14:12:00', '2', '1', '159', '145', '1', '1', '7', null);
INSERT INTO `inspect_item_rec` VALUES ('7086', '2013-09-30 14:12:00', '1', '1', '159', '146', '1', '1', '7', null);
INSERT INTO `inspect_item_rec` VALUES ('7087', '2013-09-30 14:12:00', '1', '1', '159', '147', '1', '1', '7', null);
INSERT INTO `inspect_item_rec` VALUES ('7088', '2013-09-30 14:12:00', '2', '1', '159', '158', '1', '1', '7', null);
INSERT INTO `inspect_item_rec` VALUES ('7089', '2013-09-30 14:12:00', '2', '1', '159', '160', '1', '1', '7', null);
INSERT INTO `inspect_item_rec` VALUES ('7090', '2013-09-30 14:12:00', '2', '1', '159', '161', '1', '1', '7', null);
INSERT INTO `inspect_item_rec` VALUES ('7091', '2013-09-30 14:12:00', '1', '1', '159', '172', '1', '1', '7', null);
INSERT INTO `inspect_item_rec` VALUES ('7092', '2013-09-30 14:12:00', '1', '1', '159', '176', '1', '1', '7', null);
INSERT INTO `inspect_item_rec` VALUES ('7093', '2013-09-30 14:12:00', '1', '1', '159', '180', '1', '1', '7', null);
INSERT INTO `inspect_item_rec` VALUES ('7094', '2013-09-30 14:12:00', '2', '1', '159', '184', '1', '1', '7', null);
INSERT INTO `inspect_item_rec` VALUES ('7095', '2013-09-30 14:12:00', '1', '1', '159', '148', '2', '1', '7', null);
INSERT INTO `inspect_item_rec` VALUES ('7096', '2013-09-30 14:12:00', '1', '1', '159', '150', '2', '1', '7', null);
INSERT INTO `inspect_item_rec` VALUES ('7097', '2013-09-30 14:12:00', '2', '1', '159', '150', '2', '1', '7', null);
INSERT INTO `inspect_item_rec` VALUES ('7098', '2013-09-30 14:12:00', '2', '1', '159', '151', '2', '1', '7', null);
INSERT INTO `inspect_item_rec` VALUES ('7099', '2013-09-30 14:12:00', '2', '1', '159', '152', '2', '1', '7', null);
INSERT INTO `inspect_item_rec` VALUES ('7100', '2013-09-30 14:12:00', '1', '1', '159', '173', '2', '1', '7', null);
INSERT INTO `inspect_item_rec` VALUES ('7101', '2013-09-30 14:12:00', '2', '1', '159', '177', '2', '1', '7', null);
INSERT INTO `inspect_item_rec` VALUES ('7102', '2013-09-30 14:12:00', '2', '1', '159', '181', '2', '1', '7', null);
INSERT INTO `inspect_item_rec` VALUES ('7103', '2013-09-30 14:12:00', '1', '1', '159', '185', '2', '1', '7', null);
INSERT INTO `inspect_item_rec` VALUES ('7104', '2013-09-30 14:12:00', '1', '1', '159', '163', '3', '1', '7', null);
INSERT INTO `inspect_item_rec` VALUES ('7105', '2013-09-30 14:12:00', '1', '1', '159', '154', '3', '1', '7', null);
INSERT INTO `inspect_item_rec` VALUES ('7106', '2013-09-30 14:12:00', '2', '1', '159', '155', '3', '1', '7', null);
INSERT INTO `inspect_item_rec` VALUES ('7107', '2013-09-30 14:12:00', '1', '1', '159', '156', '3', '1', '7', null);
INSERT INTO `inspect_item_rec` VALUES ('7108', '2013-09-30 14:12:00', '3', '1', '159', '162', '3', '1', '7', null);
INSERT INTO `inspect_item_rec` VALUES ('7109', '2013-09-30 14:12:00', '1', '1', '159', '163', '3', '1', '7', null);
INSERT INTO `inspect_item_rec` VALUES ('7110', '2013-09-30 14:12:00', '1', '1', '159', '164', '3', '1', '7', null);
INSERT INTO `inspect_item_rec` VALUES ('7111', '2013-09-30 14:12:00', '1', '1', '159', '165', '3', '1', '7', null);
INSERT INTO `inspect_item_rec` VALUES ('7112', '2013-09-30 14:12:00', '2', '1', '159', '166', '3', '1', '7', null);
INSERT INTO `inspect_item_rec` VALUES ('7113', '2013-09-30 14:12:00', '2', '1', '159', '174', '3', '1', '7', null);
INSERT INTO `inspect_item_rec` VALUES ('7114', '2013-09-30 14:12:00', '1', '1', '159', '178', '3', '1', '7', null);
INSERT INTO `inspect_item_rec` VALUES ('7115', '2013-09-30 14:12:00', '1', '1', '159', '182', '3', '1', '7', null);
INSERT INTO `inspect_item_rec` VALUES ('7116', '2013-09-30 14:12:00', '1', '1', '159', '186', '3', '1', '7', null);
INSERT INTO `inspect_item_rec` VALUES ('7117', '2013-09-30 14:12:00', '1', '1', '159', '157', '4', '1', '7', null);
INSERT INTO `inspect_item_rec` VALUES ('7118', '2013-09-30 14:12:00', '2', '1', '159', '159', '4', '1', '7', null);
INSERT INTO `inspect_item_rec` VALUES ('7119', '2013-09-30 14:12:00', '1', '1', '159', '167', '4', '1', '7', null);
INSERT INTO `inspect_item_rec` VALUES ('7120', '2013-09-30 14:12:00', '2', '1', '159', '168', '4', '1', '7', null);
INSERT INTO `inspect_item_rec` VALUES ('7121', '2013-09-30 14:12:00', '1', '1', '159', '169', '4', '1', '7', null);
INSERT INTO `inspect_item_rec` VALUES ('7122', '2013-09-30 14:12:00', '1', '1', '159', '170', '4', '1', '7', null);
INSERT INTO `inspect_item_rec` VALUES ('7123', '2013-09-30 14:12:00', '2', '1', '159', '171', '4', '1', '7', null);
INSERT INTO `inspect_item_rec` VALUES ('7124', '2013-09-30 14:12:00', '1', '1', '159', '175', '4', '1', '7', null);
INSERT INTO `inspect_item_rec` VALUES ('7125', '2013-09-30 14:12:00', '1', '1', '159', '179', '4', '1', '7', null);
INSERT INTO `inspect_item_rec` VALUES ('7126', '2013-09-30 14:12:00', '1', '1', '159', '183', '4', '1', '7', null);
INSERT INTO `inspect_item_rec` VALUES ('7127', '2013-09-30 14:12:00', '2', '1', '159', '187', '4', '1', '7', null);
INSERT INTO `inspect_item_rec` VALUES ('7128', '2013-09-30 14:43:00', '1', '2', '160', '270', '1', '2', '8', null);
INSERT INTO `inspect_item_rec` VALUES ('7129', '2013-09-30 14:43:00', '2', '2', '160', '271', '1', '2', '8', null);
INSERT INTO `inspect_item_rec` VALUES ('7130', '2013-09-30 14:43:00', '1', '2', '160', '272', '1', '2', '8', null);
INSERT INTO `inspect_item_rec` VALUES ('7131', '2013-09-30 14:43:00', '1', '2', '160', '273', '1', '2', '8', null);
INSERT INTO `inspect_item_rec` VALUES ('7132', '2013-09-30 14:43:00', '1', '2', '160', '274', '1', '2', '8', null);
INSERT INTO `inspect_item_rec` VALUES ('7133', '2013-09-30 14:43:00', '2', '2', '160', '275', '1', '2', '8', null);
INSERT INTO `inspect_item_rec` VALUES ('7134', '2013-09-30 14:43:00', '2', '2', '160', '276', '1', '2', '8', null);
INSERT INTO `inspect_item_rec` VALUES ('7135', '2013-09-30 14:43:00', '1', '2', '160', '301', '1', '2', '8', null);
INSERT INTO `inspect_item_rec` VALUES ('7136', '2013-09-30 14:43:00', '1', '2', '160', '302', '1', '2', '8', null);
INSERT INTO `inspect_item_rec` VALUES ('7137', '2013-09-30 14:43:00', '1', '2', '160', '303', '1', '2', '8', null);
INSERT INTO `inspect_item_rec` VALUES ('7138', '2013-09-30 14:43:00', '2', '2', '160', '280', '1', '2', '8', null);
INSERT INTO `inspect_item_rec` VALUES ('7139', '2013-09-30 14:43:00', '1', '2', '160', '305', '1', '2', '8', null);
INSERT INTO `inspect_item_rec` VALUES ('7140', '2013-09-30 14:43:00', '1', '2', '160', '306', '1', '2', '8', null);
INSERT INTO `inspect_item_rec` VALUES ('7141', '2013-09-30 14:43:00', '1', '2', '160', '283', '1', '2', '8', null);
INSERT INTO `inspect_item_rec` VALUES ('7142', '2013-09-30 14:43:00', '1', '2', '160', '299', '1', '2', '8', null);
INSERT INTO `inspect_item_rec` VALUES ('7143', '2013-09-30 14:43:00', '1', '2', '160', '291', '1', '2', '8', null);
INSERT INTO `inspect_item_rec` VALUES ('7144', '2013-09-30 14:43:00', '2', '2', '160', '302', '1', '2', '8', null);
INSERT INTO `inspect_item_rec` VALUES ('7145', '2013-09-30 14:43:00', '1', '2', '160', '303', '1', '2', '8', null);
INSERT INTO `inspect_item_rec` VALUES ('7146', '2013-09-30 14:43:00', '2', '2', '160', '304', '1', '2', '8', null);
INSERT INTO `inspect_item_rec` VALUES ('7147', '2013-09-30 14:43:00', '1', '2', '160', '305', '1', '2', '8', null);
INSERT INTO `inspect_item_rec` VALUES ('7148', '2013-09-30 14:43:00', '1', '2', '160', '306', '1', '2', '8', null);
INSERT INTO `inspect_item_rec` VALUES ('7149', '2013-09-30 14:43:00', '1', '2', '160', '291', '1', '2', '8', null);
INSERT INTO `inspect_item_rec` VALUES ('7150', '2013-09-30 14:43:00', '1', '2', '160', '301', '1', '2', '8', null);
INSERT INTO `inspect_item_rec` VALUES ('7151', '2013-09-30 14:43:00', '1', '2', '160', '302', '1', '2', '8', null);
INSERT INTO `inspect_item_rec` VALUES ('7152', '2013-09-30 14:43:00', '2', '2', '160', '294', '1', '2', '8', null);
INSERT INTO `inspect_item_rec` VALUES ('7153', '2013-09-30 14:43:00', '2', '2', '160', '304', '1', '2', '8', null);
INSERT INTO `inspect_item_rec` VALUES ('7154', '2013-09-30 14:43:00', '2', '2', '160', '305', '1', '2', '8', null);
INSERT INTO `inspect_item_rec` VALUES ('7155', '2013-09-30 14:43:00', '2', '2', '160', '306', '1', '2', '8', null);
INSERT INTO `inspect_item_rec` VALUES ('7156', '2013-09-30 14:43:00', '1', '2', '160', '298', '1', '2', '8', null);
INSERT INTO `inspect_item_rec` VALUES ('7157', '2013-09-30 14:43:00', '1', '2', '160', '299', '1', '2', '8', null);
INSERT INTO `inspect_item_rec` VALUES ('7158', '2013-09-30 14:43:00', '1', '2', '160', '300', '1', '2', '8', null);
INSERT INTO `inspect_item_rec` VALUES ('7159', '2013-09-30 14:43:00', '2', '2', '160', '301', '1', '2', '8', null);
INSERT INTO `inspect_item_rec` VALUES ('7160', '2013-09-30 14:43:00', '1', '2', '160', '302', '1', '2', '8', null);
INSERT INTO `inspect_item_rec` VALUES ('7161', '2013-09-30 14:43:00', '1', '2', '160', '303', '1', '2', '8', null);
INSERT INTO `inspect_item_rec` VALUES ('7162', '2013-09-30 14:43:00', '2', '2', '160', '304', '1', '2', '8', null);
INSERT INTO `inspect_item_rec` VALUES ('7163', '2013-09-30 14:43:00', '1', '2', '160', '305', '1', '2', '8', null);
INSERT INTO `inspect_item_rec` VALUES ('7164', '2013-09-30 14:43:00', '2', '2', '160', '306', '1', '2', '8', null);
INSERT INTO `inspect_item_rec` VALUES ('7165', '2013-09-30 14:43:00', '1', '2', '160', '307', '1', '2', '8', null);
INSERT INTO `inspect_item_rec` VALUES ('7166', '2013-09-30 14:43:00', '1', '2', '160', '308', '1', '2', '8', null);
INSERT INTO `inspect_item_rec` VALUES ('7167', '2013-09-30 14:43:00', '1', '2', '160', '309', '1', '2', '8', null);
INSERT INTO `inspect_item_rec` VALUES ('7168', '2013-09-30 14:43:00', '2', '2', '160', '310', '2', '2', '8', null);
INSERT INTO `inspect_item_rec` VALUES ('7169', '2013-09-30 14:43:00', '2', '2', '160', '311', '2', '2', '8', null);
INSERT INTO `inspect_item_rec` VALUES ('7170', '2013-09-30 14:43:00', '1', '2', '160', '312', '2', '2', '8', null);
INSERT INTO `inspect_item_rec` VALUES ('7171', '2013-09-30 14:43:00', '2', '2', '160', '313', '3', '2', '8', null);
INSERT INTO `inspect_item_rec` VALUES ('7172', '2013-09-30 14:43:00', '1', '2', '160', '314', '3', '2', '8', null);
INSERT INTO `inspect_item_rec` VALUES ('7173', '2013-09-30 14:43:00', '2', '2', '160', '315', '3', '2', '8', null);
INSERT INTO `inspect_item_rec` VALUES ('7174', '2013-09-30 14:43:00', '1', '2', '160', '322', '3', '2', '8', null);
INSERT INTO `inspect_item_rec` VALUES ('7175', '2013-09-30 14:43:00', '1', '2', '160', '323', '3', '2', '8', null);
INSERT INTO `inspect_item_rec` VALUES ('7176', '2013-09-30 14:43:00', '1', '2', '160', '324', '3', '2', '8', null);
INSERT INTO `inspect_item_rec` VALUES ('7177', '2013-09-30 14:43:00', '2', '2', '160', '319', '3', '2', '8', null);
INSERT INTO `inspect_item_rec` VALUES ('7178', '2013-09-30 14:43:00', '1', '2', '160', '320', '3', '2', '8', null);
INSERT INTO `inspect_item_rec` VALUES ('7179', '2013-09-30 14:43:00', '1', '2', '160', '321', '3', '2', '8', null);
INSERT INTO `inspect_item_rec` VALUES ('7180', '2013-09-30 14:43:00', '2', '2', '160', '322', '3', '2', '8', null);
INSERT INTO `inspect_item_rec` VALUES ('7181', '2013-09-30 14:43:00', '1', '2', '160', '323', '3', '2', '8', null);
INSERT INTO `inspect_item_rec` VALUES ('7182', '2013-09-30 14:43:00', '1', '2', '160', '324', '3', '2', '8', null);
INSERT INTO `inspect_item_rec` VALUES ('7183', '2013-09-30 14:43:00', '1', '2', '160', '333', '3', '2', '8', null);
INSERT INTO `inspect_item_rec` VALUES ('7184', '2013-09-30 14:43:00', '1', '2', '160', '334', '3', '2', '8', null);
INSERT INTO `inspect_item_rec` VALUES ('7185', '2013-09-30 14:43:00', '1', '2', '160', '335', '3', '2', '8', null);
INSERT INTO `inspect_item_rec` VALUES ('7186', '2013-09-30 14:43:00', '1', '2', '160', '328', '3', '2', '8', null);
INSERT INTO `inspect_item_rec` VALUES ('7187', '2013-09-30 14:43:00', '1', '2', '160', '338', '3', '2', '8', null);
INSERT INTO `inspect_item_rec` VALUES ('7188', '2013-09-30 14:43:00', '1', '2', '160', '330', '3', '2', '8', null);
INSERT INTO `inspect_item_rec` VALUES ('7189', '2013-09-30 14:43:00', '1', '2', '160', '340', '3', '2', '8', null);
INSERT INTO `inspect_item_rec` VALUES ('7190', '2013-09-30 14:43:00', '3', '2', '160', '332', '3', '2', '8', null);
INSERT INTO `inspect_item_rec` VALUES ('7191', '2013-09-30 14:43:00', '2', '2', '160', '333', '3', '2', '8', null);
INSERT INTO `inspect_item_rec` VALUES ('7192', '2013-09-30 14:43:00', '1', '2', '160', '334', '3', '2', '8', null);
INSERT INTO `inspect_item_rec` VALUES ('7193', '2013-09-30 14:43:00', '3', '2', '160', '335', '3', '2', '8', null);
INSERT INTO `inspect_item_rec` VALUES ('7194', '2013-09-30 14:43:00', '2', '2', '160', '336', '3', '2', '8', null);
INSERT INTO `inspect_item_rec` VALUES ('7195', '2013-09-30 14:43:00', '1', '2', '160', '337', '3', '2', '8', null);
INSERT INTO `inspect_item_rec` VALUES ('7196', '2013-09-30 14:43:00', '1', '2', '160', '338', '3', '2', '8', null);
INSERT INTO `inspect_item_rec` VALUES ('7197', '2013-09-30 14:43:00', '1', '2', '160', '339', '3', '2', '8', null);
INSERT INTO `inspect_item_rec` VALUES ('7198', '2013-09-30 14:43:00', '1', '2', '160', '340', '3', '2', '8', null);
INSERT INTO `inspect_item_rec` VALUES ('7199', '2013-09-30 14:43:00', '1', '2', '160', '341', '3', '2', '8', null);
INSERT INTO `inspect_item_rec` VALUES ('7200', '2013-09-30 14:43:00', '1', '2', '160', '342', '3', '2', '8', null);
INSERT INTO `inspect_item_rec` VALUES ('7201', '2013-09-30 14:43:00', '1', '2', '160', '343', '3', '2', '8', null);
INSERT INTO `inspect_item_rec` VALUES ('7202', '2013-09-30 14:43:00', '1', '2', '160', '344', '3', '2', '8', null);
INSERT INTO `inspect_item_rec` VALUES ('7203', '2013-09-30 14:43:00', '1', '2', '160', '345', '3', '2', '8', null);
INSERT INTO `inspect_item_rec` VALUES ('7204', '2013-09-30 14:43:00', '1', '2', '160', '374', '3', '2', '8', null);
INSERT INTO `inspect_item_rec` VALUES ('7205', '2013-09-30 14:43:00', '1', '2', '160', '375', '3', '2', '8', null);
INSERT INTO `inspect_item_rec` VALUES ('7206', '2013-09-30 14:43:00', '1', '2', '160', '376', '3', '2', '8', null);
INSERT INTO `inspect_item_rec` VALUES ('7207', '2013-09-30 14:43:00', '1', '2', '160', '346', '4', '2', '8', null);
INSERT INTO `inspect_item_rec` VALUES ('7208', '2013-09-30 14:43:00', '1', '2', '160', '347', '4', '2', '8', null);
INSERT INTO `inspect_item_rec` VALUES ('7209', '2013-09-30 14:43:00', '1', '2', '160', '348', '4', '2', '8', null);
INSERT INTO `inspect_item_rec` VALUES ('7210', '2013-09-30 14:43:00', '1', '2', '160', '349', '4', '2', '8', null);
INSERT INTO `inspect_item_rec` VALUES ('7211', '2013-09-30 14:43:00', '1', '2', '160', '350', '4', '2', '8', null);
INSERT INTO `inspect_item_rec` VALUES ('7212', '2013-09-30 14:43:00', '1', '2', '160', '351', '4', '2', '8', null);
INSERT INTO `inspect_item_rec` VALUES ('7213', '2013-09-30 14:43:00', '1', '2', '160', '352', '4', '2', '8', null);
INSERT INTO `inspect_item_rec` VALUES ('7214', '2013-09-30 14:43:00', '1', '2', '160', '353', '4', '2', '8', null);
INSERT INTO `inspect_item_rec` VALUES ('7215', '2013-09-30 14:43:00', '1', '2', '160', '354', '4', '2', '8', null);
INSERT INTO `inspect_item_rec` VALUES ('7216', '2013-09-30 14:43:00', '2', '2', '160', '355', '4', '2', '8', null);
INSERT INTO `inspect_item_rec` VALUES ('7217', '2013-09-30 14:43:00', '1', '2', '160', '356', '4', '2', '8', null);
INSERT INTO `inspect_item_rec` VALUES ('7218', '2013-09-30 14:43:00', '1', '2', '160', '357', '4', '2', '8', null);
INSERT INTO `inspect_item_rec` VALUES ('7219', '2013-09-30 14:43:00', '1', '2', '160', '358', '4', '2', '8', null);
INSERT INTO `inspect_item_rec` VALUES ('7220', '2013-09-30 14:43:00', '1', '2', '160', '359', '4', '2', '8', null);
INSERT INTO `inspect_item_rec` VALUES ('7221', '2013-09-30 14:43:00', '1', '2', '160', '360', '4', '2', '8', null);
INSERT INTO `inspect_item_rec` VALUES ('7222', '2013-09-30 14:43:00', '1', '2', '160', '361', '4', '2', '8', null);
INSERT INTO `inspect_item_rec` VALUES ('7223', '2013-09-30 14:43:00', '1', '2', '160', '362', '4', '2', '8', null);
INSERT INTO `inspect_item_rec` VALUES ('7224', '2013-09-30 14:43:00', '1', '2', '160', '363', '4', '2', '8', null);
INSERT INTO `inspect_item_rec` VALUES ('7225', '2013-09-30 14:43:00', '1', '2', '160', '364', '4', '2', '8', null);
INSERT INTO `inspect_item_rec` VALUES ('7226', '2013-09-30 14:43:00', '3', '2', '160', '365', '4', '2', '8', null);
INSERT INTO `inspect_item_rec` VALUES ('7227', '2013-09-30 14:43:00', '3', '2', '160', '366', '4', '2', '8', null);
INSERT INTO `inspect_item_rec` VALUES ('7228', '2013-09-30 14:43:00', '1', '2', '160', '367', '4', '2', '8', null);
INSERT INTO `inspect_item_rec` VALUES ('7229', '2013-09-30 14:43:00', '1', '2', '160', '368', '4', '2', '8', null);
INSERT INTO `inspect_item_rec` VALUES ('7230', '2013-09-30 14:43:00', '1', '2', '160', '369', '4', '2', '8', null);
INSERT INTO `inspect_item_rec` VALUES ('7231', '2013-09-30 14:43:00', '1', '2', '160', '370', '4', '2', '8', null);
INSERT INTO `inspect_item_rec` VALUES ('7232', '2013-09-30 14:43:00', '1', '2', '160', '371', '4', '2', '8', null);
INSERT INTO `inspect_item_rec` VALUES ('7233', '2013-09-30 14:43:00', '1', '2', '160', '372', '4', '2', '8', null);
INSERT INTO `inspect_item_rec` VALUES ('7234', '2013-09-30 14:43:00', '1', '2', '160', '373', '4', '2', '8', null);
INSERT INTO `inspect_item_rec` VALUES ('7235', '2013-09-30 14:56:00', '1', '3', '161', '99', '1', '3', '9', null);
INSERT INTO `inspect_item_rec` VALUES ('7236', '2013-09-30 14:56:00', '1', '3', '161', '100', '1', '3', '9', null);
INSERT INTO `inspect_item_rec` VALUES ('7237', '2013-09-30 14:56:00', '1', '3', '161', '101', '1', '3', '9', null);
INSERT INTO `inspect_item_rec` VALUES ('7238', '2013-09-30 14:56:00', '2', '3', '161', '102', '1', '3', '9', null);
INSERT INTO `inspect_item_rec` VALUES ('7239', '2013-09-30 14:56:00', '1', '3', '161', '103', '1', '3', '9', null);
INSERT INTO `inspect_item_rec` VALUES ('7240', '2013-09-30 14:56:00', '1', '3', '161', '104', '1', '3', '9', null);
INSERT INTO `inspect_item_rec` VALUES ('7241', '2013-09-30 14:56:00', '1', '3', '161', '105', '1', '3', '9', null);
INSERT INTO `inspect_item_rec` VALUES ('7242', '2013-09-30 14:56:00', '1', '3', '161', '106', '1', '3', '9', null);
INSERT INTO `inspect_item_rec` VALUES ('7243', '2013-09-30 14:56:00', '2', '3', '161', '107', '2', '3', '9', null);
INSERT INTO `inspect_item_rec` VALUES ('7244', '2013-09-30 14:56:00', '1', '3', '161', '124', '2', '3', '9', null);
INSERT INTO `inspect_item_rec` VALUES ('7245', '2013-09-30 14:56:00', '1', '3', '161', '108', '3', '3', '9', null);
INSERT INTO `inspect_item_rec` VALUES ('7246', '2013-09-30 14:56:00', '1', '3', '161', '109', '3', '3', '9', null);
INSERT INTO `inspect_item_rec` VALUES ('7247', '2013-09-30 14:56:00', '1', '3', '161', '110', '3', '3', '9', null);
INSERT INTO `inspect_item_rec` VALUES ('7248', '2013-09-30 14:56:00', '2', '3', '161', '111', '3', '3', '9', null);
INSERT INTO `inspect_item_rec` VALUES ('7249', '2013-09-30 14:56:00', '1', '3', '161', '112', '3', '3', '9', null);
INSERT INTO `inspect_item_rec` VALUES ('7250', '2013-09-30 14:56:00', '1', '3', '161', '113', '3', '3', '9', null);
INSERT INTO `inspect_item_rec` VALUES ('7251', '2013-09-30 14:56:00', '2', '3', '161', '114', '3', '3', '9', null);
INSERT INTO `inspect_item_rec` VALUES ('7252', '2013-09-30 14:56:00', '1', '3', '161', '115', '3', '3', '9', null);
INSERT INTO `inspect_item_rec` VALUES ('7253', '2013-09-30 14:56:00', '1', '3', '161', '116', '3', '3', '9', null);
INSERT INTO `inspect_item_rec` VALUES ('7254', '2013-09-30 14:56:00', '2', '3', '161', '117', '3', '3', '9', null);
INSERT INTO `inspect_item_rec` VALUES ('7255', '2013-09-30 14:56:00', '1', '3', '161', '118', '3', '3', '9', null);
INSERT INTO `inspect_item_rec` VALUES ('7256', '2013-09-30 14:56:00', '1', '3', '161', '119', '3', '3', '9', null);
INSERT INTO `inspect_item_rec` VALUES ('7257', '2013-09-30 14:56:00', '1', '3', '161', '125', '3', '3', '9', null);
INSERT INTO `inspect_item_rec` VALUES ('7258', '2013-09-30 14:56:00', '2', '3', '161', '126', '3', '3', '9', null);
INSERT INTO `inspect_item_rec` VALUES ('7259', '2013-09-30 14:56:00', '2', '3', '161', '120', '4', '3', '9', null);
INSERT INTO `inspect_item_rec` VALUES ('7260', '2013-09-30 14:56:00', '1', '3', '161', '121', '4', '3', '9', null);
INSERT INTO `inspect_item_rec` VALUES ('7261', '2013-09-30 14:56:00', '1', '3', '161', '122', '4', '3', '9', null);
INSERT INTO `inspect_item_rec` VALUES ('7262', '2013-09-30 14:56:00', '2', '3', '161', '123', '4', '3', '9', null);
INSERT INTO `inspect_item_rec` VALUES ('7359', '2013-10-02 14:12:00', '2', '1', '164', '140', '1', '1', '7', null);
INSERT INTO `inspect_item_rec` VALUES ('7360', '2013-10-02 14:12:00', '1', '1', '164', '141', '1', '1', '7', null);
INSERT INTO `inspect_item_rec` VALUES ('7361', '2013-10-02 14:12:00', '1', '1', '164', '142', '1', '1', '7', null);
INSERT INTO `inspect_item_rec` VALUES ('7362', '2013-10-02 14:12:00', '1', '1', '164', '143', '1', '1', '7', null);
INSERT INTO `inspect_item_rec` VALUES ('7363', '2013-10-02 14:12:00', '2', '1', '164', '144', '1', '1', '7', null);
INSERT INTO `inspect_item_rec` VALUES ('7364', '2013-10-02 14:12:00', '2', '1', '164', '145', '1', '1', '7', null);
INSERT INTO `inspect_item_rec` VALUES ('7365', '2013-10-02 14:12:00', '2', '1', '164', '146', '1', '1', '7', null);
INSERT INTO `inspect_item_rec` VALUES ('7366', '2013-10-02 14:12:00', '1', '1', '164', '147', '1', '1', '7', null);
INSERT INTO `inspect_item_rec` VALUES ('7367', '2013-10-02 14:12:00', '2', '1', '164', '158', '1', '1', '7', null);
INSERT INTO `inspect_item_rec` VALUES ('7368', '2013-10-02 14:12:00', '2', '1', '164', '160', '1', '1', '7', null);
INSERT INTO `inspect_item_rec` VALUES ('7369', '2013-10-02 14:12:00', '1', '1', '164', '161', '1', '1', '7', null);
INSERT INTO `inspect_item_rec` VALUES ('7370', '2013-10-02 14:12:00', '2', '1', '164', '172', '1', '1', '7', null);
INSERT INTO `inspect_item_rec` VALUES ('7371', '2013-10-02 14:12:00', '2', '1', '164', '176', '1', '1', '7', null);
INSERT INTO `inspect_item_rec` VALUES ('7372', '2013-10-02 14:12:00', '1', '1', '164', '180', '1', '1', '7', null);
INSERT INTO `inspect_item_rec` VALUES ('7373', '2013-10-02 14:12:00', '2', '1', '164', '184', '1', '1', '7', null);
INSERT INTO `inspect_item_rec` VALUES ('7374', '2013-10-02 14:12:00', '1', '1', '164', '148', '2', '1', '7', null);
INSERT INTO `inspect_item_rec` VALUES ('7375', '2013-10-02 14:12:00', '1', '1', '164', '150', '2', '1', '7', null);
INSERT INTO `inspect_item_rec` VALUES ('7376', '2013-10-02 14:12:00', '2', '1', '164', '150', '2', '1', '7', null);
INSERT INTO `inspect_item_rec` VALUES ('7377', '2013-10-02 14:12:00', '2', '1', '164', '151', '2', '1', '7', null);
INSERT INTO `inspect_item_rec` VALUES ('7378', '2013-10-02 14:12:00', '2', '1', '164', '152', '2', '1', '7', null);
INSERT INTO `inspect_item_rec` VALUES ('7379', '2013-10-02 14:12:00', '1', '1', '164', '173', '2', '1', '7', null);
INSERT INTO `inspect_item_rec` VALUES ('7380', '2013-10-02 14:12:00', '2', '1', '164', '177', '2', '1', '7', null);
INSERT INTO `inspect_item_rec` VALUES ('7381', '2013-10-02 14:12:00', '2', '1', '164', '181', '2', '1', '7', null);
INSERT INTO `inspect_item_rec` VALUES ('7382', '2013-10-02 14:12:00', '1', '1', '164', '185', '2', '1', '7', null);
INSERT INTO `inspect_item_rec` VALUES ('7383', '2013-10-02 14:12:00', '2', '1', '164', '163', '3', '1', '7', null);
INSERT INTO `inspect_item_rec` VALUES ('7384', '2013-10-02 14:12:00', '1', '1', '164', '154', '3', '1', '7', null);
INSERT INTO `inspect_item_rec` VALUES ('7385', '2013-10-02 14:12:00', '2', '1', '164', '155', '3', '1', '7', null);
INSERT INTO `inspect_item_rec` VALUES ('7386', '2013-10-02 14:12:00', '1', '1', '164', '156', '3', '1', '7', null);
INSERT INTO `inspect_item_rec` VALUES ('7387', '2013-10-02 14:12:00', '2', '1', '164', '162', '3', '1', '7', null);
INSERT INTO `inspect_item_rec` VALUES ('7388', '2013-10-02 14:12:00', '1', '1', '164', '163', '3', '1', '7', null);
INSERT INTO `inspect_item_rec` VALUES ('7389', '2013-10-02 14:12:00', '1', '1', '164', '164', '3', '1', '7', null);
INSERT INTO `inspect_item_rec` VALUES ('7390', '2013-10-02 14:12:00', '1', '1', '164', '165', '3', '1', '7', null);
INSERT INTO `inspect_item_rec` VALUES ('7391', '2013-10-02 14:12:00', '2', '1', '164', '166', '3', '1', '7', null);
INSERT INTO `inspect_item_rec` VALUES ('7392', '2013-10-02 14:12:00', '2', '1', '164', '174', '3', '1', '7', null);
INSERT INTO `inspect_item_rec` VALUES ('7393', '2013-10-02 14:12:00', '1', '1', '164', '178', '3', '1', '7', null);
INSERT INTO `inspect_item_rec` VALUES ('7394', '2013-10-02 14:12:00', '1', '1', '164', '182', '3', '1', '7', null);
INSERT INTO `inspect_item_rec` VALUES ('7395', '2013-10-02 14:12:00', '1', '1', '164', '186', '3', '1', '7', null);
INSERT INTO `inspect_item_rec` VALUES ('7396', '2013-10-02 14:12:00', '1', '1', '164', '157', '4', '1', '7', null);
INSERT INTO `inspect_item_rec` VALUES ('7397', '2013-10-02 14:12:00', '2', '1', '164', '159', '4', '1', '7', null);
INSERT INTO `inspect_item_rec` VALUES ('7398', '2013-10-02 14:12:00', '1', '1', '164', '167', '4', '1', '7', null);
INSERT INTO `inspect_item_rec` VALUES ('7399', '2013-10-02 14:12:00', '2', '1', '164', '168', '4', '1', '7', null);
INSERT INTO `inspect_item_rec` VALUES ('7400', '2013-10-02 14:12:00', '1', '1', '164', '169', '4', '1', '7', null);
INSERT INTO `inspect_item_rec` VALUES ('7401', '2013-10-02 14:12:00', '1', '1', '164', '170', '4', '1', '7', null);
INSERT INTO `inspect_item_rec` VALUES ('7402', '2013-10-02 14:12:00', '2', '1', '164', '171', '4', '1', '7', null);
INSERT INTO `inspect_item_rec` VALUES ('7403', '2013-10-02 14:12:00', '1', '1', '164', '175', '4', '1', '7', null);
INSERT INTO `inspect_item_rec` VALUES ('7404', '2013-10-02 14:12:00', '1', '1', '164', '179', '4', '1', '7', null);
INSERT INTO `inspect_item_rec` VALUES ('7405', '2013-10-02 14:12:00', '1', '1', '164', '183', '4', '1', '7', null);
INSERT INTO `inspect_item_rec` VALUES ('7406', '2013-10-02 14:12:00', '2', '1', '164', '187', '4', '1', '7', null);
INSERT INTO `inspect_item_rec` VALUES ('7407', '2013-10-31 11:41:22', '1', '1', '166', '140', '1', '1', '7', null);
INSERT INTO `inspect_item_rec` VALUES ('7408', '2013-10-31 11:41:22', '1', '1', '166', '141', '1', '1', '7', null);
INSERT INTO `inspect_item_rec` VALUES ('7409', '2013-10-31 11:41:22', '1', '1', '166', '142', '1', '1', '7', null);
INSERT INTO `inspect_item_rec` VALUES ('7410', '2013-10-31 11:41:22', '1', '1', '166', '143', '1', '1', '7', null);
INSERT INTO `inspect_item_rec` VALUES ('7411', '2013-10-31 11:41:22', '1', '1', '166', '144', '1', '1', '7', null);
INSERT INTO `inspect_item_rec` VALUES ('7412', '2013-10-31 11:41:22', '1', '1', '166', '145', '1', '1', '7', null);
INSERT INTO `inspect_item_rec` VALUES ('7413', '2013-10-31 11:41:22', '1', '1', '166', '146', '1', '1', '7', null);
INSERT INTO `inspect_item_rec` VALUES ('7414', '2013-10-31 11:41:22', '1', '1', '166', '147', '1', '1', '7', null);
INSERT INTO `inspect_item_rec` VALUES ('7415', '2013-10-31 11:41:22', '1', '1', '166', '158', '1', '1', '7', null);
INSERT INTO `inspect_item_rec` VALUES ('7416', '2013-10-31 11:41:22', '1', '1', '166', '160', '1', '1', '7', null);
INSERT INTO `inspect_item_rec` VALUES ('7417', '2013-10-31 11:41:22', '1', '1', '166', '161', '1', '1', '7', null);
INSERT INTO `inspect_item_rec` VALUES ('7418', '2013-10-31 11:41:22', '1', '1', '166', '172', '1', '1', '7', null);
INSERT INTO `inspect_item_rec` VALUES ('7419', '2013-10-31 11:41:22', '1', '1', '166', '176', '1', '1', '7', null);
INSERT INTO `inspect_item_rec` VALUES ('7420', '2013-10-31 11:41:22', '1', '1', '166', '180', '1', '1', '7', null);
INSERT INTO `inspect_item_rec` VALUES ('7421', '2013-10-31 11:41:22', '1', '1', '166', '184', '1', '1', '7', null);
INSERT INTO `inspect_item_rec` VALUES ('7422', '2013-10-31 11:41:22', '2', '1', '166', '148', '2', '1', '7', null);
INSERT INTO `inspect_item_rec` VALUES ('7423', '2013-10-31 11:41:22', '1', '1', '166', '150', '2', '1', '7', null);
INSERT INTO `inspect_item_rec` VALUES ('7424', '2013-10-31 11:41:22', '1', '1', '166', '150', '2', '1', '7', null);
INSERT INTO `inspect_item_rec` VALUES ('7425', '2013-10-31 11:41:22', '1', '1', '166', '151', '2', '1', '7', null);
INSERT INTO `inspect_item_rec` VALUES ('7426', '2013-10-31 11:41:22', '1', '1', '166', '152', '2', '1', '7', null);
INSERT INTO `inspect_item_rec` VALUES ('7427', '2013-10-31 11:41:22', '1', '1', '166', '173', '2', '1', '7', null);
INSERT INTO `inspect_item_rec` VALUES ('7428', '2013-10-31 11:41:22', '1', '1', '166', '177', '2', '1', '7', null);
INSERT INTO `inspect_item_rec` VALUES ('7429', '2013-10-31 11:41:22', '2', '1', '166', '181', '2', '1', '7', null);
INSERT INTO `inspect_item_rec` VALUES ('7430', '2013-10-31 11:41:22', '1', '1', '166', '185', '2', '1', '7', null);
INSERT INTO `inspect_item_rec` VALUES ('7431', '2013-10-31 11:41:22', '1', '1', '166', '163', '3', '1', '7', null);
INSERT INTO `inspect_item_rec` VALUES ('7432', '2013-10-31 11:41:22', '1', '1', '166', '154', '3', '1', '7', null);
INSERT INTO `inspect_item_rec` VALUES ('7433', '2013-10-31 11:41:22', '1', '1', '166', '155', '3', '1', '7', null);
INSERT INTO `inspect_item_rec` VALUES ('7434', '2013-10-31 11:41:22', '2', '1', '166', '156', '3', '1', '7', null);
INSERT INTO `inspect_item_rec` VALUES ('7435', '2013-10-31 11:41:22', '1', '1', '166', '162', '3', '1', '7', null);
INSERT INTO `inspect_item_rec` VALUES ('7436', '2013-10-31 11:41:22', '1', '1', '166', '163', '3', '1', '7', null);
INSERT INTO `inspect_item_rec` VALUES ('7437', '2013-10-31 11:41:22', '1', '1', '166', '164', '3', '1', '7', null);
INSERT INTO `inspect_item_rec` VALUES ('7438', '2013-10-31 11:41:22', '2', '1', '166', '165', '3', '1', '7', null);
INSERT INTO `inspect_item_rec` VALUES ('7439', '2013-10-31 11:41:22', '2', '1', '166', '166', '3', '1', '7', null);
INSERT INTO `inspect_item_rec` VALUES ('7440', '2013-10-31 11:41:22', '1', '1', '166', '174', '3', '1', '7', null);
INSERT INTO `inspect_item_rec` VALUES ('7441', '2013-10-31 11:41:22', '1', '1', '166', '178', '3', '1', '7', null);
INSERT INTO `inspect_item_rec` VALUES ('7442', '2013-10-31 11:41:22', '1', '1', '166', '182', '3', '1', '7', null);
INSERT INTO `inspect_item_rec` VALUES ('7443', '2013-10-31 11:41:22', '1', '1', '166', '186', '3', '1', '7', null);
INSERT INTO `inspect_item_rec` VALUES ('7444', '2013-10-31 11:41:22', '1', '1', '166', '157', '4', '1', '7', null);
INSERT INTO `inspect_item_rec` VALUES ('7445', '2013-10-31 11:41:22', '1', '1', '166', '159', '4', '1', '7', null);
INSERT INTO `inspect_item_rec` VALUES ('7446', '2013-10-31 11:41:22', '2', '1', '166', '167', '4', '1', '7', null);
INSERT INTO `inspect_item_rec` VALUES ('7447', '2013-10-31 11:41:22', '1', '1', '166', '168', '4', '1', '7', null);
INSERT INTO `inspect_item_rec` VALUES ('7448', '2013-10-31 11:41:22', '1', '1', '166', '169', '4', '1', '7', null);
INSERT INTO `inspect_item_rec` VALUES ('7449', '2013-10-31 11:41:22', '1', '1', '166', '170', '4', '1', '7', null);
INSERT INTO `inspect_item_rec` VALUES ('7450', '2013-10-31 11:41:22', '1', '1', '166', '171', '4', '1', '7', null);
INSERT INTO `inspect_item_rec` VALUES ('7451', '2013-10-31 11:41:22', '1', '1', '166', '175', '4', '1', '7', null);
INSERT INTO `inspect_item_rec` VALUES ('7452', '2013-10-31 11:41:22', '1', '1', '166', '179', '4', '1', '7', null);
INSERT INTO `inspect_item_rec` VALUES ('7453', '2013-10-31 11:41:22', '2', '1', '166', '183', '4', '1', '7', null);
INSERT INTO `inspect_item_rec` VALUES ('7454', '2013-10-31 11:41:22', '1', '1', '166', '187', '4', '1', '7', null);
INSERT INTO `inspect_item_rec` VALUES ('7455', '2013-10-31 11:36:13', '1', '2', '167', '270', '1', '2', '7', null);
INSERT INTO `inspect_item_rec` VALUES ('7456', '2013-10-31 11:36:13', '2', '2', '167', '271', '1', '2', '7', null);
INSERT INTO `inspect_item_rec` VALUES ('7457', '2013-10-31 11:36:13', '1', '2', '167', '272', '1', '2', '7', null);
INSERT INTO `inspect_item_rec` VALUES ('7458', '2013-10-31 11:36:13', '1', '2', '167', '273', '1', '2', '7', null);
INSERT INTO `inspect_item_rec` VALUES ('7459', '2013-10-31 11:36:13', '2', '2', '167', '274', '1', '2', '7', null);
INSERT INTO `inspect_item_rec` VALUES ('7460', '2013-10-31 11:36:13', '1', '2', '167', '275', '1', '2', '7', null);
INSERT INTO `inspect_item_rec` VALUES ('7461', '2013-10-31 11:36:13', '1', '2', '167', '276', '1', '2', '7', null);
INSERT INTO `inspect_item_rec` VALUES ('7462', '2013-10-31 11:36:13', '1', '2', '167', '301', '1', '2', '7', null);
INSERT INTO `inspect_item_rec` VALUES ('7463', '2013-10-31 11:36:13', '2', '2', '167', '302', '1', '2', '7', null);
INSERT INTO `inspect_item_rec` VALUES ('7464', '2013-10-31 11:36:13', '1', '2', '167', '303', '1', '2', '7', null);
INSERT INTO `inspect_item_rec` VALUES ('7465', '2013-10-31 11:36:13', '1', '2', '167', '280', '1', '2', '7', null);
INSERT INTO `inspect_item_rec` VALUES ('7466', '2013-10-31 11:36:13', '1', '2', '167', '305', '1', '2', '7', null);
INSERT INTO `inspect_item_rec` VALUES ('7467', '2013-10-31 11:36:13', '1', '2', '167', '306', '1', '2', '7', null);
INSERT INTO `inspect_item_rec` VALUES ('7468', '2013-10-31 11:36:13', '1', '2', '167', '283', '1', '2', '7', null);
INSERT INTO `inspect_item_rec` VALUES ('7469', '2013-10-31 11:36:13', '1', '2', '167', '299', '1', '2', '7', null);
INSERT INTO `inspect_item_rec` VALUES ('7470', '2013-10-31 11:36:13', '1', '2', '167', '291', '1', '2', '7', null);
INSERT INTO `inspect_item_rec` VALUES ('7471', '2013-10-31 11:36:13', '1', '2', '167', '302', '1', '2', '7', null);
INSERT INTO `inspect_item_rec` VALUES ('7472', '2013-10-31 11:36:13', '1', '2', '167', '303', '1', '2', '7', null);
INSERT INTO `inspect_item_rec` VALUES ('7473', '2013-10-31 11:36:13', '1', '2', '167', '304', '1', '2', '7', null);
INSERT INTO `inspect_item_rec` VALUES ('7474', '2013-10-31 11:36:13', '2', '2', '167', '305', '1', '2', '7', null);
INSERT INTO `inspect_item_rec` VALUES ('7475', '2013-10-31 11:36:13', '1', '2', '167', '306', '1', '2', '7', null);
INSERT INTO `inspect_item_rec` VALUES ('7476', '2013-10-31 11:36:13', '1', '2', '167', '291', '1', '2', '7', null);
INSERT INTO `inspect_item_rec` VALUES ('7477', '2013-10-31 11:36:13', '1', '2', '167', '301', '1', '2', '7', null);
INSERT INTO `inspect_item_rec` VALUES ('7478', '2013-10-31 11:36:13', '1', '2', '167', '302', '1', '2', '7', null);
INSERT INTO `inspect_item_rec` VALUES ('7479', '2013-10-31 11:36:13', '1', '2', '167', '294', '1', '2', '7', null);
INSERT INTO `inspect_item_rec` VALUES ('7480', '2013-10-31 11:36:13', '1', '2', '167', '304', '1', '2', '7', null);
INSERT INTO `inspect_item_rec` VALUES ('7481', '2013-10-31 11:36:13', '1', '2', '167', '305', '1', '2', '7', null);
INSERT INTO `inspect_item_rec` VALUES ('7482', '2013-10-31 11:36:13', '1', '2', '167', '306', '1', '2', '7', null);
INSERT INTO `inspect_item_rec` VALUES ('7483', '2013-10-31 11:36:13', '1', '2', '167', '298', '1', '2', '7', null);
INSERT INTO `inspect_item_rec` VALUES ('7484', '2013-10-31 11:36:13', '1', '2', '167', '299', '1', '2', '7', null);
INSERT INTO `inspect_item_rec` VALUES ('7485', '2013-10-31 11:36:13', '1', '2', '167', '300', '1', '2', '7', null);
INSERT INTO `inspect_item_rec` VALUES ('7486', '2013-10-31 11:36:13', '1', '2', '167', '301', '1', '2', '7', null);
INSERT INTO `inspect_item_rec` VALUES ('7487', '2013-10-31 11:36:13', '1', '2', '167', '302', '1', '2', '7', null);
INSERT INTO `inspect_item_rec` VALUES ('7488', '2013-10-31 11:36:13', '1', '2', '167', '303', '1', '2', '7', null);
INSERT INTO `inspect_item_rec` VALUES ('7489', '2013-10-31 11:36:13', '1', '2', '167', '304', '1', '2', '7', null);
INSERT INTO `inspect_item_rec` VALUES ('7490', '2013-10-31 11:36:13', '1', '2', '167', '305', '1', '2', '7', null);
INSERT INTO `inspect_item_rec` VALUES ('7491', '2013-10-31 11:36:13', '1', '2', '167', '306', '1', '2', '7', null);
INSERT INTO `inspect_item_rec` VALUES ('7492', '2013-10-31 11:36:13', '1', '2', '167', '307', '1', '2', '7', null);
INSERT INTO `inspect_item_rec` VALUES ('7493', '2013-10-31 11:36:13', '1', '2', '167', '308', '1', '2', '7', null);
INSERT INTO `inspect_item_rec` VALUES ('7494', '2013-10-31 11:36:13', '1', '2', '167', '309', '1', '2', '7', null);
INSERT INTO `inspect_item_rec` VALUES ('7495', '2013-10-31 11:36:13', '1', '2', '167', '310', '2', '2', '7', null);
INSERT INTO `inspect_item_rec` VALUES ('7496', '2013-10-31 11:36:13', '1', '2', '167', '311', '2', '2', '7', null);
INSERT INTO `inspect_item_rec` VALUES ('7497', '2013-10-31 11:36:13', '1', '2', '167', '312', '2', '2', '7', null);
INSERT INTO `inspect_item_rec` VALUES ('7498', '2013-10-31 11:36:13', '1', '2', '167', '313', '3', '2', '7', null);
INSERT INTO `inspect_item_rec` VALUES ('7499', '2013-10-31 11:36:13', '1', '2', '167', '314', '3', '2', '7', null);
INSERT INTO `inspect_item_rec` VALUES ('7500', '2013-10-31 11:36:13', '1', '2', '167', '315', '3', '2', '7', null);
INSERT INTO `inspect_item_rec` VALUES ('7501', '2013-10-31 11:36:13', '1', '2', '167', '322', '3', '2', '7', null);
INSERT INTO `inspect_item_rec` VALUES ('7502', '2013-10-31 11:36:13', '1', '2', '167', '323', '3', '2', '7', null);
INSERT INTO `inspect_item_rec` VALUES ('7503', '2013-10-31 11:36:13', '1', '2', '167', '324', '3', '2', '7', null);
INSERT INTO `inspect_item_rec` VALUES ('7504', '2013-10-31 11:36:13', '1', '2', '167', '319', '3', '2', '7', null);
INSERT INTO `inspect_item_rec` VALUES ('7505', '2013-10-31 11:36:13', '1', '2', '167', '320', '3', '2', '7', null);
INSERT INTO `inspect_item_rec` VALUES ('7506', '2013-10-31 11:36:13', '2', '2', '167', '321', '3', '2', '7', null);
INSERT INTO `inspect_item_rec` VALUES ('7507', '2013-10-31 11:36:13', '2', '2', '167', '322', '3', '2', '7', null);
INSERT INTO `inspect_item_rec` VALUES ('7508', '2013-10-31 11:36:13', '1', '2', '167', '323', '3', '2', '7', null);
INSERT INTO `inspect_item_rec` VALUES ('7509', '2013-10-31 11:36:13', '1', '2', '167', '324', '3', '2', '7', null);
INSERT INTO `inspect_item_rec` VALUES ('7510', '2013-10-31 11:36:13', '1', '2', '167', '333', '3', '2', '7', null);
INSERT INTO `inspect_item_rec` VALUES ('7511', '2013-10-31 11:36:13', '1', '2', '167', '334', '3', '2', '7', null);
INSERT INTO `inspect_item_rec` VALUES ('7512', '2013-10-31 11:36:13', '1', '2', '167', '335', '3', '2', '7', null);
INSERT INTO `inspect_item_rec` VALUES ('7513', '2013-10-31 11:36:13', '2', '2', '167', '328', '3', '2', '7', null);
INSERT INTO `inspect_item_rec` VALUES ('7514', '2013-10-31 11:36:13', '1', '2', '167', '338', '3', '2', '7', null);
INSERT INTO `inspect_item_rec` VALUES ('7515', '2013-10-31 11:36:13', '2', '2', '167', '330', '3', '2', '7', null);
INSERT INTO `inspect_item_rec` VALUES ('7516', '2013-10-31 11:36:13', '1', '2', '167', '340', '3', '2', '7', null);
INSERT INTO `inspect_item_rec` VALUES ('7517', '2013-10-31 11:36:13', '1', '2', '167', '332', '3', '2', '7', null);
INSERT INTO `inspect_item_rec` VALUES ('7518', '2013-10-31 11:36:13', '1', '2', '167', '333', '3', '2', '7', null);
INSERT INTO `inspect_item_rec` VALUES ('7519', '2013-10-31 11:36:13', '1', '2', '167', '334', '3', '2', '7', null);
INSERT INTO `inspect_item_rec` VALUES ('7520', '2013-10-31 11:36:13', '1', '2', '167', '335', '3', '2', '7', null);
INSERT INTO `inspect_item_rec` VALUES ('7521', '2013-10-31 11:36:13', '2', '2', '167', '336', '3', '2', '7', null);
INSERT INTO `inspect_item_rec` VALUES ('7522', '2013-10-31 11:36:13', '1', '2', '167', '337', '3', '2', '7', null);
INSERT INTO `inspect_item_rec` VALUES ('7523', '2013-10-31 11:36:13', '1', '2', '167', '338', '3', '2', '7', null);
INSERT INTO `inspect_item_rec` VALUES ('7524', '2013-10-31 11:36:13', '1', '2', '167', '339', '3', '2', '7', null);
INSERT INTO `inspect_item_rec` VALUES ('7525', '2013-10-31 11:36:13', '1', '2', '167', '340', '3', '2', '7', null);
INSERT INTO `inspect_item_rec` VALUES ('7526', '2013-10-31 11:36:13', '1', '2', '167', '341', '3', '2', '7', null);
INSERT INTO `inspect_item_rec` VALUES ('7527', '2013-10-31 11:36:13', '2', '2', '167', '342', '3', '2', '7', null);
INSERT INTO `inspect_item_rec` VALUES ('7528', '2013-10-31 11:36:13', '1', '2', '167', '343', '3', '2', '7', null);
INSERT INTO `inspect_item_rec` VALUES ('7529', '2013-10-31 11:36:13', '1', '2', '167', '344', '3', '2', '7', null);
INSERT INTO `inspect_item_rec` VALUES ('7530', '2013-10-31 11:36:13', '1', '2', '167', '345', '3', '2', '7', null);
INSERT INTO `inspect_item_rec` VALUES ('7531', '2013-10-31 11:36:13', '2', '2', '167', '374', '3', '2', '7', null);
INSERT INTO `inspect_item_rec` VALUES ('7532', '2013-10-31 11:36:13', '1', '2', '167', '375', '3', '2', '7', null);
INSERT INTO `inspect_item_rec` VALUES ('7533', '2013-10-31 11:36:13', '1', '2', '167', '376', '3', '2', '7', null);
INSERT INTO `inspect_item_rec` VALUES ('7534', '2013-10-31 11:36:13', '2', '2', '167', '346', '4', '2', '7', null);
INSERT INTO `inspect_item_rec` VALUES ('7535', '2013-10-31 11:36:13', '1', '2', '167', '347', '4', '2', '7', null);
INSERT INTO `inspect_item_rec` VALUES ('7536', '2013-10-31 11:36:13', '2', '2', '167', '348', '4', '2', '7', null);
INSERT INTO `inspect_item_rec` VALUES ('7537', '2013-10-31 11:36:13', '1', '2', '167', '349', '4', '2', '7', null);
INSERT INTO `inspect_item_rec` VALUES ('7538', '2013-10-31 11:36:13', '1', '2', '167', '350', '4', '2', '7', null);
INSERT INTO `inspect_item_rec` VALUES ('7539', '2013-10-31 11:36:13', '2', '2', '167', '351', '4', '2', '7', null);
INSERT INTO `inspect_item_rec` VALUES ('7540', '2013-10-31 11:36:13', '1', '2', '167', '352', '4', '2', '7', null);
INSERT INTO `inspect_item_rec` VALUES ('7541', '2013-10-31 11:36:13', '1', '2', '167', '353', '4', '2', '7', null);
INSERT INTO `inspect_item_rec` VALUES ('7542', '2013-10-31 11:36:13', '1', '2', '167', '354', '4', '2', '7', null);
INSERT INTO `inspect_item_rec` VALUES ('7543', '2013-10-31 11:36:13', '2', '2', '167', '355', '4', '2', '7', null);
INSERT INTO `inspect_item_rec` VALUES ('7544', '2013-10-31 11:36:13', '1', '2', '167', '356', '4', '2', '7', null);
INSERT INTO `inspect_item_rec` VALUES ('7545', '2013-10-31 11:36:13', '2', '2', '167', '357', '4', '2', '7', null);
INSERT INTO `inspect_item_rec` VALUES ('7546', '2013-10-31 11:36:13', '1', '2', '167', '358', '4', '2', '7', null);
INSERT INTO `inspect_item_rec` VALUES ('7547', '2013-10-31 11:36:13', '1', '2', '167', '359', '4', '2', '7', null);
INSERT INTO `inspect_item_rec` VALUES ('7548', '2013-10-31 11:36:13', '1', '2', '167', '360', '4', '2', '7', null);
INSERT INTO `inspect_item_rec` VALUES ('7549', '2013-10-31 11:36:13', '1', '2', '167', '361', '4', '2', '7', null);
INSERT INTO `inspect_item_rec` VALUES ('7550', '2013-10-31 11:36:13', '1', '2', '167', '362', '4', '2', '7', null);
INSERT INTO `inspect_item_rec` VALUES ('7551', '2013-10-31 11:36:13', '1', '2', '167', '363', '4', '2', '7', null);
INSERT INTO `inspect_item_rec` VALUES ('7552', '2013-10-31 11:36:13', '2', '2', '167', '364', '4', '2', '7', null);
INSERT INTO `inspect_item_rec` VALUES ('7553', '2013-10-31 11:36:13', '1', '2', '167', '365', '4', '2', '7', null);
INSERT INTO `inspect_item_rec` VALUES ('7554', '2013-10-31 11:36:13', '1', '2', '167', '366', '4', '2', '7', null);
INSERT INTO `inspect_item_rec` VALUES ('7555', '2013-10-31 11:36:13', '1', '2', '167', '367', '4', '2', '7', null);
INSERT INTO `inspect_item_rec` VALUES ('7556', '2013-10-31 11:36:13', '2', '2', '167', '368', '4', '2', '7', null);
INSERT INTO `inspect_item_rec` VALUES ('7557', '2013-10-31 11:36:13', '1', '2', '167', '369', '4', '2', '7', null);
INSERT INTO `inspect_item_rec` VALUES ('7558', '2013-10-31 11:36:13', '1', '2', '167', '370', '4', '2', '7', null);
INSERT INTO `inspect_item_rec` VALUES ('7559', '2013-10-31 11:36:13', '1', '2', '167', '371', '4', '2', '7', null);
INSERT INTO `inspect_item_rec` VALUES ('7560', '2013-10-31 11:36:13', '1', '2', '167', '372', '4', '2', '7', null);
INSERT INTO `inspect_item_rec` VALUES ('7561', '2013-10-31 11:36:13', '1', '2', '167', '373', '4', '2', '7', null);
INSERT INTO `inspect_item_rec` VALUES ('8049', '2013-10-21 14:53:45', '1', '3', '182', '99', '1', '3', '7', null);
INSERT INTO `inspect_item_rec` VALUES ('8050', '2013-10-21 14:53:45', '1', '3', '182', '100', '1', '3', '7', null);
INSERT INTO `inspect_item_rec` VALUES ('8051', '2013-10-21 14:53:45', '1', '3', '182', '101', '1', '3', '7', null);
INSERT INTO `inspect_item_rec` VALUES ('8052', '2013-10-21 14:53:45', '1', '3', '182', '102', '1', '3', '7', null);
INSERT INTO `inspect_item_rec` VALUES ('8053', '2013-10-21 14:53:45', '1', '3', '182', '103', '1', '3', '7', null);
INSERT INTO `inspect_item_rec` VALUES ('8054', '2013-10-21 14:53:45', '1', '3', '182', '104', '1', '3', '7', null);
INSERT INTO `inspect_item_rec` VALUES ('8055', '2013-10-21 14:53:45', '1', '3', '182', '105', '1', '3', '7', null);
INSERT INTO `inspect_item_rec` VALUES ('8056', '2013-10-21 14:53:45', '1', '3', '182', '106', '1', '3', '7', null);
INSERT INTO `inspect_item_rec` VALUES ('8057', '2013-10-21 14:53:45', '1', '3', '182', '107', '2', '3', '7', null);
INSERT INTO `inspect_item_rec` VALUES ('8058', '2013-10-21 14:53:45', '1', '3', '182', '124', '2', '3', '7', null);
INSERT INTO `inspect_item_rec` VALUES ('8059', '2013-10-21 14:53:45', '1', '3', '182', '108', '3', '3', '7', null);
INSERT INTO `inspect_item_rec` VALUES ('8060', '2013-10-21 14:53:45', '1', '3', '182', '109', '3', '3', '7', null);
INSERT INTO `inspect_item_rec` VALUES ('8061', '2013-10-21 14:53:45', '1', '3', '182', '110', '3', '3', '7', null);
INSERT INTO `inspect_item_rec` VALUES ('8062', '2013-10-21 14:53:45', '1', '3', '182', '111', '3', '3', '7', null);
INSERT INTO `inspect_item_rec` VALUES ('8063', '2013-10-21 14:53:45', '1', '3', '182', '112', '3', '3', '7', null);
INSERT INTO `inspect_item_rec` VALUES ('8064', '2013-10-21 14:53:45', '1', '3', '182', '113', '3', '3', '7', null);
INSERT INTO `inspect_item_rec` VALUES ('8065', '2013-10-21 14:53:45', '1', '3', '182', '114', '3', '3', '7', null);
INSERT INTO `inspect_item_rec` VALUES ('8066', '2013-10-21 14:53:45', '1', '3', '182', '115', '3', '3', '7', null);
INSERT INTO `inspect_item_rec` VALUES ('8067', '2013-10-21 14:53:45', '1', '3', '182', '116', '3', '3', '7', null);
INSERT INTO `inspect_item_rec` VALUES ('8068', '2013-10-21 14:53:45', '1', '3', '182', '117', '3', '3', '7', null);
INSERT INTO `inspect_item_rec` VALUES ('8069', '2013-10-21 14:53:45', '1', '3', '182', '118', '3', '3', '7', null);
INSERT INTO `inspect_item_rec` VALUES ('8070', '2013-10-21 14:53:45', '1', '3', '182', '119', '3', '3', '7', null);
INSERT INTO `inspect_item_rec` VALUES ('8071', '2013-10-21 14:53:45', '1', '3', '182', '125', '3', '3', '7', null);
INSERT INTO `inspect_item_rec` VALUES ('8072', '2013-10-21 14:53:45', '1', '3', '182', '126', '3', '3', '7', null);
INSERT INTO `inspect_item_rec` VALUES ('8073', '2013-10-21 14:53:45', '1', '3', '182', '120', '4', '3', '7', null);
INSERT INTO `inspect_item_rec` VALUES ('8074', '2013-10-21 14:53:45', '1', '3', '182', '121', '4', '3', '7', null);
INSERT INTO `inspect_item_rec` VALUES ('8075', '2013-10-21 14:53:45', '1', '3', '182', '122', '4', '3', '7', null);
INSERT INTO `inspect_item_rec` VALUES ('8076', '2013-10-21 14:53:45', '1', '3', '182', '123', '4', '3', '7', null);
INSERT INTO `inspect_item_rec` VALUES ('8077', '2013-10-16 10:12:42', '1', '5', '183', '53', '1', '32', '7', null);
INSERT INTO `inspect_item_rec` VALUES ('8078', '2013-10-16 10:12:42', '1', '5', '183', '54', '1', '32', '7', null);
INSERT INTO `inspect_item_rec` VALUES ('8079', '2013-10-16 10:12:42', '1', '5', '183', '55', '1', '32', '7', null);
INSERT INTO `inspect_item_rec` VALUES ('8080', '2013-10-16 10:12:42', '1', '5', '183', '56', '1', '32', '7', null);
INSERT INTO `inspect_item_rec` VALUES ('8081', '2013-10-16 10:12:42', '1', '5', '183', '57', '1', '32', '7', null);
INSERT INTO `inspect_item_rec` VALUES ('8082', '2013-10-16 10:12:42', '1', '5', '183', '58', '1', '32', '7', null);
INSERT INTO `inspect_item_rec` VALUES ('8083', '2013-10-16 10:12:42', '1', '5', '183', '59', '1', '32', '7', null);
INSERT INTO `inspect_item_rec` VALUES ('8084', '2013-10-16 10:12:42', '1', '5', '183', '60', '1', '32', '7', null);
INSERT INTO `inspect_item_rec` VALUES ('8085', '2013-10-16 10:12:42', '1', '5', '183', '61', '1', '32', '7', null);
INSERT INTO `inspect_item_rec` VALUES ('8086', '2013-10-16 10:12:42', '1', '5', '183', '80', '1', '32', '7', null);
INSERT INTO `inspect_item_rec` VALUES ('8087', '2013-10-16 10:12:42', '1', '5', '183', '84', '1', '32', '7', null);
INSERT INTO `inspect_item_rec` VALUES ('8088', '2013-10-16 10:12:42', '1', '5', '183', '92', '1', '32', '7', null);
INSERT INTO `inspect_item_rec` VALUES ('8089', '2013-10-16 10:12:42', '1', '5', '183', '95', '1', '32', '7', null);
INSERT INTO `inspect_item_rec` VALUES ('8090', '2013-10-16 10:12:42', '1', '5', '183', '62', '2', '32', '7', null);
INSERT INTO `inspect_item_rec` VALUES ('8091', '2013-10-16 10:12:42', '1', '5', '183', '81', '2', '32', '7', null);
INSERT INTO `inspect_item_rec` VALUES ('8092', '2013-10-16 10:12:42', '1', '5', '183', '86', '2', '32', '7', null);
INSERT INTO `inspect_item_rec` VALUES ('8093', '2013-10-16 10:12:42', '1', '5', '183', '86', '2', '32', '7', null);
INSERT INTO `inspect_item_rec` VALUES ('8094', '2013-10-16 10:12:42', '1', '5', '183', '96', '2', '32', '7', null);
INSERT INTO `inspect_item_rec` VALUES ('8095', '2013-10-16 10:12:42', '1', '5', '183', '63', '3', '32', '7', null);
INSERT INTO `inspect_item_rec` VALUES ('8096', '2013-10-16 10:12:42', '1', '5', '183', '64', '3', '32', '7', null);
INSERT INTO `inspect_item_rec` VALUES ('8097', '2013-10-16 10:12:42', '1', '5', '183', '65', '3', '32', '7', null);
INSERT INTO `inspect_item_rec` VALUES ('8098', '2013-10-16 10:12:42', '1', '5', '183', '66', '3', '32', '7', null);
INSERT INTO `inspect_item_rec` VALUES ('8099', '2013-10-16 10:12:42', '1', '5', '183', '67', '3', '32', '7', null);
INSERT INTO `inspect_item_rec` VALUES ('8100', '2013-10-16 10:12:42', '1', '5', '183', '68', '3', '32', '7', null);
INSERT INTO `inspect_item_rec` VALUES ('8101', '2013-10-16 10:12:42', '1', '5', '183', '69', '3', '32', '7', null);
INSERT INTO `inspect_item_rec` VALUES ('8102', '2013-10-16 10:12:42', '1', '5', '183', '70', '3', '32', '7', null);
INSERT INTO `inspect_item_rec` VALUES ('8103', '2013-10-16 10:12:42', '1', '5', '183', '71', '3', '32', '7', null);
INSERT INTO `inspect_item_rec` VALUES ('8104', '2013-10-16 10:12:42', '1', '5', '183', '72', '3', '32', '7', null);
INSERT INTO `inspect_item_rec` VALUES ('8105', '2013-10-16 10:12:42', '1', '5', '183', '82', '3', '32', '7', null);
INSERT INTO `inspect_item_rec` VALUES ('8106', '2013-10-16 10:12:42', '1', '5', '183', '87', '3', '32', '7', null);
INSERT INTO `inspect_item_rec` VALUES ('8107', '2013-10-16 10:12:42', '1', '5', '183', '89', '3', '32', '7', null);
INSERT INTO `inspect_item_rec` VALUES ('8108', '2013-10-16 10:12:42', '1', '5', '183', '90', '3', '32', '7', null);
INSERT INTO `inspect_item_rec` VALUES ('8109', '2013-10-16 10:12:42', '1', '5', '183', '93', '3', '32', '7', null);
INSERT INTO `inspect_item_rec` VALUES ('8110', '2013-10-16 10:12:42', '1', '5', '183', '94', '3', '32', '7', null);
INSERT INTO `inspect_item_rec` VALUES ('8111', '2013-10-16 10:12:42', '1', '5', '183', '97', '3', '32', '7', null);
INSERT INTO `inspect_item_rec` VALUES ('8112', '2013-10-16 10:12:42', '1', '5', '183', '228', '3', '32', '7', null);
INSERT INTO `inspect_item_rec` VALUES ('8113', '2013-10-16 10:12:42', '1', '5', '183', '73', '4', '32', '7', null);
INSERT INTO `inspect_item_rec` VALUES ('8114', '2013-10-16 10:12:42', '1', '5', '183', '74', '4', '32', '7', null);
INSERT INTO `inspect_item_rec` VALUES ('8115', '2013-10-16 10:12:42', '1', '5', '183', '75', '4', '32', '7', null);
INSERT INTO `inspect_item_rec` VALUES ('8116', '2013-10-16 10:12:42', '1', '5', '183', '76', '4', '32', '7', null);
INSERT INTO `inspect_item_rec` VALUES ('8117', '2013-10-16 10:12:42', '1', '5', '183', '77', '4', '32', '7', null);
INSERT INTO `inspect_item_rec` VALUES ('8118', '2013-10-16 10:12:42', '1', '5', '183', '78', '4', '32', '7', null);
INSERT INTO `inspect_item_rec` VALUES ('8119', '2013-10-16 10:12:42', '1', '5', '183', '79', '4', '32', '7', null);
INSERT INTO `inspect_item_rec` VALUES ('8120', '2013-10-16 10:12:42', '1', '5', '183', '83', '4', '32', '7', null);
INSERT INTO `inspect_item_rec` VALUES ('8121', '2013-10-16 10:12:42', '1', '5', '183', '88', '4', '32', '7', null);
INSERT INTO `inspect_item_rec` VALUES ('8122', '2013-10-16 10:12:42', '1', '5', '183', '91', '4', '32', '7', null);
INSERT INTO `inspect_item_rec` VALUES ('8123', '2013-10-16 10:12:42', '1', '5', '183', '98', '4', '32', '7', null);
INSERT INTO `inspect_item_tvalues` VALUES ('53', '1', '1');
INSERT INTO `inspect_item_tvalues` VALUES ('53', '2', '1');
INSERT INTO `inspect_item_tvalues` VALUES ('53', '3', '1');
INSERT INTO `inspect_item_tvalues` VALUES ('54', '1', '1');
INSERT INTO `inspect_item_tvalues` VALUES ('54', '2', '1');
INSERT INTO `inspect_item_tvalues` VALUES ('54', '3', '1');
INSERT INTO `inspect_item_tvalues` VALUES ('55', '1', '1');
INSERT INTO `inspect_item_tvalues` VALUES ('55', '2', '1');
INSERT INTO `inspect_item_tvalues` VALUES ('55', '3', '1');
INSERT INTO `inspect_item_tvalues` VALUES ('56', '1', '1');
INSERT INTO `inspect_item_tvalues` VALUES ('56', '2', '1');
INSERT INTO `inspect_item_tvalues` VALUES ('56', '3', '1');
INSERT INTO `inspect_item_tvalues` VALUES ('57', '1', '1');
INSERT INTO `inspect_item_tvalues` VALUES ('57', '2', '1');
INSERT INTO `inspect_item_tvalues` VALUES ('57', '3', '1');
INSERT INTO `inspect_item_tvalues` VALUES ('58', '1', '1');
INSERT INTO `inspect_item_tvalues` VALUES ('58', '2', '1');
INSERT INTO `inspect_item_tvalues` VALUES ('58', '3', '1');
INSERT INTO `inspect_item_tvalues` VALUES ('59', '1', '1');
INSERT INTO `inspect_item_tvalues` VALUES ('59', '2', '1');
INSERT INTO `inspect_item_tvalues` VALUES ('59', '3', '1');
INSERT INTO `inspect_item_tvalues` VALUES ('60', '1', '1');
INSERT INTO `inspect_item_tvalues` VALUES ('60', '2', '1');
INSERT INTO `inspect_item_tvalues` VALUES ('60', '3', '1');
INSERT INTO `inspect_item_tvalues` VALUES ('61', '1', '1');
INSERT INTO `inspect_item_tvalues` VALUES ('61', '2', '1');
INSERT INTO `inspect_item_tvalues` VALUES ('61', '3', '1');
INSERT INTO `inspect_item_tvalues` VALUES ('62', '1', '1');
INSERT INTO `inspect_item_tvalues` VALUES ('62', '2', '1');
INSERT INTO `inspect_item_tvalues` VALUES ('62', '3', '1');
INSERT INTO `inspect_item_tvalues` VALUES ('63', '1', '1');
INSERT INTO `inspect_item_tvalues` VALUES ('63', '2', '1');
INSERT INTO `inspect_item_tvalues` VALUES ('63', '3', '1');
INSERT INTO `inspect_item_tvalues` VALUES ('64', '1', '1');
INSERT INTO `inspect_item_tvalues` VALUES ('64', '2', '1');
INSERT INTO `inspect_item_tvalues` VALUES ('64', '3', '1');
INSERT INTO `inspect_item_tvalues` VALUES ('65', '1', '1');
INSERT INTO `inspect_item_tvalues` VALUES ('65', '2', '1');
INSERT INTO `inspect_item_tvalues` VALUES ('65', '3', '1');
INSERT INTO `inspect_item_tvalues` VALUES ('66', '1', '1');
INSERT INTO `inspect_item_tvalues` VALUES ('66', '2', '1');
INSERT INTO `inspect_item_tvalues` VALUES ('66', '3', '1');
INSERT INTO `inspect_item_tvalues` VALUES ('67', '1', '1');
INSERT INTO `inspect_item_tvalues` VALUES ('67', '2', '1');
INSERT INTO `inspect_item_tvalues` VALUES ('67', '3', '1');
INSERT INTO `inspect_item_tvalues` VALUES ('68', '1', '1');
INSERT INTO `inspect_item_tvalues` VALUES ('68', '2', '1');
INSERT INTO `inspect_item_tvalues` VALUES ('68', '3', '1');
INSERT INTO `inspect_item_tvalues` VALUES ('69', '1', '1');
INSERT INTO `inspect_item_tvalues` VALUES ('69', '2', '1');
INSERT INTO `inspect_item_tvalues` VALUES ('69', '3', '1');
INSERT INTO `inspect_item_tvalues` VALUES ('70', '1', '1');
INSERT INTO `inspect_item_tvalues` VALUES ('70', '2', '1');
INSERT INTO `inspect_item_tvalues` VALUES ('70', '3', '1');
INSERT INTO `inspect_item_tvalues` VALUES ('71', '1', '1');
INSERT INTO `inspect_item_tvalues` VALUES ('71', '2', '1');
INSERT INTO `inspect_item_tvalues` VALUES ('71', '3', '1');
INSERT INTO `inspect_item_tvalues` VALUES ('72', '1', '1');
INSERT INTO `inspect_item_tvalues` VALUES ('72', '2', '1');
INSERT INTO `inspect_item_tvalues` VALUES ('72', '3', '1');
INSERT INTO `inspect_item_tvalues` VALUES ('73', '1', '1');
INSERT INTO `inspect_item_tvalues` VALUES ('73', '2', '1');
INSERT INTO `inspect_item_tvalues` VALUES ('73', '3', '1');
INSERT INTO `inspect_item_tvalues` VALUES ('74', '1', '1');
INSERT INTO `inspect_item_tvalues` VALUES ('74', '2', '1');
INSERT INTO `inspect_item_tvalues` VALUES ('74', '3', '1');
INSERT INTO `inspect_item_tvalues` VALUES ('75', '1', '1');
INSERT INTO `inspect_item_tvalues` VALUES ('75', '2', '1');
INSERT INTO `inspect_item_tvalues` VALUES ('75', '3', '1');
INSERT INTO `inspect_item_tvalues` VALUES ('76', '1', '1');
INSERT INTO `inspect_item_tvalues` VALUES ('76', '2', '1');
INSERT INTO `inspect_item_tvalues` VALUES ('76', '3', '1');
INSERT INTO `inspect_item_tvalues` VALUES ('77', '1', '1');
INSERT INTO `inspect_item_tvalues` VALUES ('77', '2', '1');
INSERT INTO `inspect_item_tvalues` VALUES ('77', '3', '1');
INSERT INTO `inspect_item_tvalues` VALUES ('78', '1', '1');
INSERT INTO `inspect_item_tvalues` VALUES ('78', '2', '1');
INSERT INTO `inspect_item_tvalues` VALUES ('78', '3', '1');
INSERT INTO `inspect_item_tvalues` VALUES ('79', '1', '1');
INSERT INTO `inspect_item_tvalues` VALUES ('79', '2', '1');
INSERT INTO `inspect_item_tvalues` VALUES ('79', '3', '1');
INSERT INTO `inspect_item_tvalues` VALUES ('80', '1', '1');
INSERT INTO `inspect_item_tvalues` VALUES ('80', '2', '1');
INSERT INTO `inspect_item_tvalues` VALUES ('80', '3', '1');
INSERT INTO `inspect_item_tvalues` VALUES ('81', '1', '1');
INSERT INTO `inspect_item_tvalues` VALUES ('81', '2', '1');
INSERT INTO `inspect_item_tvalues` VALUES ('81', '3', '1');
INSERT INTO `inspect_item_tvalues` VALUES ('82', '1', '1');
INSERT INTO `inspect_item_tvalues` VALUES ('82', '2', '1');
INSERT INTO `inspect_item_tvalues` VALUES ('82', '3', '1');
INSERT INTO `inspect_item_tvalues` VALUES ('83', '1', '1');
INSERT INTO `inspect_item_tvalues` VALUES ('83', '2', '1');
INSERT INTO `inspect_item_tvalues` VALUES ('83', '3', '1');
INSERT INTO `inspect_item_tvalues` VALUES ('84', '1', '1');
INSERT INTO `inspect_item_tvalues` VALUES ('84', '2', '1');
INSERT INTO `inspect_item_tvalues` VALUES ('84', '3', '1');
INSERT INTO `inspect_item_tvalues` VALUES ('85', '1', '1');
INSERT INTO `inspect_item_tvalues` VALUES ('85', '2', '1');
INSERT INTO `inspect_item_tvalues` VALUES ('85', '3', '1');
INSERT INTO `inspect_item_tvalues` VALUES ('86', '1', '1');
INSERT INTO `inspect_item_tvalues` VALUES ('86', '2', '1');
INSERT INTO `inspect_item_tvalues` VALUES ('86', '3', '1');
INSERT INTO `inspect_item_tvalues` VALUES ('87', '1', '1');
INSERT INTO `inspect_item_tvalues` VALUES ('87', '2', '1');
INSERT INTO `inspect_item_tvalues` VALUES ('87', '3', '1');
INSERT INTO `inspect_item_tvalues` VALUES ('88', '1', '1');
INSERT INTO `inspect_item_tvalues` VALUES ('88', '2', '1');
INSERT INTO `inspect_item_tvalues` VALUES ('88', '3', '1');
INSERT INTO `inspect_item_tvalues` VALUES ('89', '1', '1');
INSERT INTO `inspect_item_tvalues` VALUES ('89', '2', '1');
INSERT INTO `inspect_item_tvalues` VALUES ('89', '3', '1');
INSERT INTO `inspect_item_tvalues` VALUES ('90', '1', '1');
INSERT INTO `inspect_item_tvalues` VALUES ('90', '2', '1');
INSERT INTO `inspect_item_tvalues` VALUES ('90', '3', '1');
INSERT INTO `inspect_item_tvalues` VALUES ('91', '1', '1');
INSERT INTO `inspect_item_tvalues` VALUES ('91', '2', '1');
INSERT INTO `inspect_item_tvalues` VALUES ('91', '3', '1');
INSERT INTO `inspect_item_tvalues` VALUES ('92', '1', '1');
INSERT INTO `inspect_item_tvalues` VALUES ('92', '2', '1');
INSERT INTO `inspect_item_tvalues` VALUES ('92', '3', '1');
INSERT INTO `inspect_item_tvalues` VALUES ('93', '1', '1');
INSERT INTO `inspect_item_tvalues` VALUES ('93', '2', '1');
INSERT INTO `inspect_item_tvalues` VALUES ('93', '3', '1');
INSERT INTO `inspect_item_tvalues` VALUES ('94', '1', '1');
INSERT INTO `inspect_item_tvalues` VALUES ('94', '2', '1');
INSERT INTO `inspect_item_tvalues` VALUES ('94', '3', '1');
INSERT INTO `inspect_item_tvalues` VALUES ('95', '1', '1');
INSERT INTO `inspect_item_tvalues` VALUES ('95', '2', '1');
INSERT INTO `inspect_item_tvalues` VALUES ('95', '3', '1');
INSERT INTO `inspect_item_tvalues` VALUES ('96', '1', '1');
INSERT INTO `inspect_item_tvalues` VALUES ('96', '2', '1');
INSERT INTO `inspect_item_tvalues` VALUES ('96', '3', '1');
INSERT INTO `inspect_item_tvalues` VALUES ('97', '1', '1');
INSERT INTO `inspect_item_tvalues` VALUES ('97', '2', '1');
INSERT INTO `inspect_item_tvalues` VALUES ('97', '3', '1');
INSERT INTO `inspect_item_tvalues` VALUES ('98', '1', '1');
INSERT INTO `inspect_item_tvalues` VALUES ('98', '2', '1');
INSERT INTO `inspect_item_tvalues` VALUES ('98', '3', '1');
INSERT INTO `inspect_item_tvalues` VALUES ('99', '1', '1');
INSERT INTO `inspect_item_tvalues` VALUES ('99', '2', '1');
INSERT INTO `inspect_item_tvalues` VALUES ('99', '3', '1');
INSERT INTO `inspect_item_tvalues` VALUES ('100', '1', '1');
INSERT INTO `inspect_item_tvalues` VALUES ('100', '2', '1');
INSERT INTO `inspect_item_tvalues` VALUES ('100', '3', '1');
INSERT INTO `inspect_item_tvalues` VALUES ('101', '1', '1');
INSERT INTO `inspect_item_tvalues` VALUES ('101', '2', '1');
INSERT INTO `inspect_item_tvalues` VALUES ('101', '3', '1');
INSERT INTO `inspect_item_tvalues` VALUES ('102', '1', '1');
INSERT INTO `inspect_item_tvalues` VALUES ('102', '2', '1');
INSERT INTO `inspect_item_tvalues` VALUES ('102', '3', '1');
INSERT INTO `inspect_item_tvalues` VALUES ('103', '1', '1');
INSERT INTO `inspect_item_tvalues` VALUES ('103', '2', '1');
INSERT INTO `inspect_item_tvalues` VALUES ('103', '3', '1');
INSERT INTO `inspect_item_tvalues` VALUES ('104', '1', '1');
INSERT INTO `inspect_item_tvalues` VALUES ('104', '2', '1');
INSERT INTO `inspect_item_tvalues` VALUES ('104', '3', '1');
INSERT INTO `inspect_item_tvalues` VALUES ('105', '1', '1');
INSERT INTO `inspect_item_tvalues` VALUES ('105', '2', '1');
INSERT INTO `inspect_item_tvalues` VALUES ('105', '3', '1');
INSERT INTO `inspect_item_tvalues` VALUES ('106', '1', '1');
INSERT INTO `inspect_item_tvalues` VALUES ('106', '2', '1');
INSERT INTO `inspect_item_tvalues` VALUES ('106', '3', '1');
INSERT INTO `inspect_item_tvalues` VALUES ('107', '1', '1');
INSERT INTO `inspect_item_tvalues` VALUES ('107', '2', '1');
INSERT INTO `inspect_item_tvalues` VALUES ('107', '3', '1');
INSERT INTO `inspect_item_tvalues` VALUES ('108', '1', '1');
INSERT INTO `inspect_item_tvalues` VALUES ('108', '2', '1');
INSERT INTO `inspect_item_tvalues` VALUES ('108', '3', '1');
INSERT INTO `inspect_item_tvalues` VALUES ('109', '1', '1');
INSERT INTO `inspect_item_tvalues` VALUES ('109', '2', '1');
INSERT INTO `inspect_item_tvalues` VALUES ('109', '3', '1');
INSERT INTO `inspect_item_tvalues` VALUES ('110', '1', '1');
INSERT INTO `inspect_item_tvalues` VALUES ('110', '2', '1');
INSERT INTO `inspect_item_tvalues` VALUES ('110', '3', '1');
INSERT INTO `inspect_item_tvalues` VALUES ('111', '1', '1');
INSERT INTO `inspect_item_tvalues` VALUES ('111', '2', '1');
INSERT INTO `inspect_item_tvalues` VALUES ('111', '3', '1');
INSERT INTO `inspect_item_tvalues` VALUES ('112', '1', '1');
INSERT INTO `inspect_item_tvalues` VALUES ('112', '2', '1');
INSERT INTO `inspect_item_tvalues` VALUES ('112', '3', '1');
INSERT INTO `inspect_item_tvalues` VALUES ('113', '1', '1');
INSERT INTO `inspect_item_tvalues` VALUES ('113', '2', '1');
INSERT INTO `inspect_item_tvalues` VALUES ('113', '3', '1');
INSERT INTO `inspect_item_tvalues` VALUES ('114', '1', '1');
INSERT INTO `inspect_item_tvalues` VALUES ('114', '2', '1');
INSERT INTO `inspect_item_tvalues` VALUES ('114', '3', '1');
INSERT INTO `inspect_item_tvalues` VALUES ('115', '1', '1');
INSERT INTO `inspect_item_tvalues` VALUES ('115', '2', '1');
INSERT INTO `inspect_item_tvalues` VALUES ('115', '3', '1');
INSERT INTO `inspect_item_tvalues` VALUES ('116', '1', '1');
INSERT INTO `inspect_item_tvalues` VALUES ('116', '2', '1');
INSERT INTO `inspect_item_tvalues` VALUES ('116', '3', '1');
INSERT INTO `inspect_item_tvalues` VALUES ('117', '1', '1');
INSERT INTO `inspect_item_tvalues` VALUES ('117', '2', '1');
INSERT INTO `inspect_item_tvalues` VALUES ('117', '3', '1');
INSERT INTO `inspect_item_tvalues` VALUES ('118', '1', '1');
INSERT INTO `inspect_item_tvalues` VALUES ('118', '2', '1');
INSERT INTO `inspect_item_tvalues` VALUES ('118', '3', '1');
INSERT INTO `inspect_item_tvalues` VALUES ('119', '1', '1');
INSERT INTO `inspect_item_tvalues` VALUES ('119', '2', '1');
INSERT INTO `inspect_item_tvalues` VALUES ('119', '3', '1');
INSERT INTO `inspect_item_tvalues` VALUES ('120', '1', '1');
INSERT INTO `inspect_item_tvalues` VALUES ('120', '2', '1');
INSERT INTO `inspect_item_tvalues` VALUES ('120', '3', '1');
INSERT INTO `inspect_item_tvalues` VALUES ('121', '1', '1');
INSERT INTO `inspect_item_tvalues` VALUES ('121', '2', '1');
INSERT INTO `inspect_item_tvalues` VALUES ('121', '3', '1');
INSERT INTO `inspect_item_tvalues` VALUES ('122', '1', '1');
INSERT INTO `inspect_item_tvalues` VALUES ('122', '2', '1');
INSERT INTO `inspect_item_tvalues` VALUES ('122', '3', '1');
INSERT INTO `inspect_item_tvalues` VALUES ('123', '1', '1');
INSERT INTO `inspect_item_tvalues` VALUES ('123', '2', '1');
INSERT INTO `inspect_item_tvalues` VALUES ('123', '3', '1');
INSERT INTO `inspect_item_tvalues` VALUES ('124', '1', '1');
INSERT INTO `inspect_item_tvalues` VALUES ('124', '2', '1');
INSERT INTO `inspect_item_tvalues` VALUES ('124', '3', '1');
INSERT INTO `inspect_item_tvalues` VALUES ('125', '1', '1');
INSERT INTO `inspect_item_tvalues` VALUES ('125', '2', '1');
INSERT INTO `inspect_item_tvalues` VALUES ('125', '3', '1');
INSERT INTO `inspect_item_tvalues` VALUES ('126', '1', '1');
INSERT INTO `inspect_item_tvalues` VALUES ('126', '2', '1');
INSERT INTO `inspect_item_tvalues` VALUES ('126', '3', '1');
INSERT INTO `inspect_item_tvalues` VALUES ('127', '1', '1');
INSERT INTO `inspect_item_tvalues` VALUES ('127', '2', '1');
INSERT INTO `inspect_item_tvalues` VALUES ('127', '3', '1');
INSERT INTO `inspect_item_tvalues` VALUES ('128', '1', '1');
INSERT INTO `inspect_item_tvalues` VALUES ('128', '2', '1');
INSERT INTO `inspect_item_tvalues` VALUES ('128', '3', '1');
INSERT INTO `inspect_item_tvalues` VALUES ('129', '1', '1');
INSERT INTO `inspect_item_tvalues` VALUES ('129', '2', '1');
INSERT INTO `inspect_item_tvalues` VALUES ('129', '3', '1');
INSERT INTO `inspect_item_tvalues` VALUES ('130', '1', '1');
INSERT INTO `inspect_item_tvalues` VALUES ('130', '2', '1');
INSERT INTO `inspect_item_tvalues` VALUES ('130', '3', '1');
INSERT INTO `inspect_item_tvalues` VALUES ('131', '1', '1');
INSERT INTO `inspect_item_tvalues` VALUES ('131', '2', '1');
INSERT INTO `inspect_item_tvalues` VALUES ('131', '3', '1');
INSERT INTO `inspect_item_tvalues` VALUES ('132', '1', '1');
INSERT INTO `inspect_item_tvalues` VALUES ('132', '2', '1');
INSERT INTO `inspect_item_tvalues` VALUES ('132', '3', '1');
INSERT INTO `inspect_item_tvalues` VALUES ('133', '1', '1');
INSERT INTO `inspect_item_tvalues` VALUES ('133', '2', '1');
INSERT INTO `inspect_item_tvalues` VALUES ('133', '3', '1');
INSERT INTO `inspect_item_tvalues` VALUES ('134', '1', '1');
INSERT INTO `inspect_item_tvalues` VALUES ('134', '2', '1');
INSERT INTO `inspect_item_tvalues` VALUES ('134', '3', '1');
INSERT INTO `inspect_item_tvalues` VALUES ('135', '1', '1');
INSERT INTO `inspect_item_tvalues` VALUES ('135', '2', '1');
INSERT INTO `inspect_item_tvalues` VALUES ('135', '3', '1');
INSERT INTO `inspect_item_tvalues` VALUES ('136', '1', '1');
INSERT INTO `inspect_item_tvalues` VALUES ('136', '2', '1');
INSERT INTO `inspect_item_tvalues` VALUES ('136', '3', '1');
INSERT INTO `inspect_item_tvalues` VALUES ('137', '1', '1');
INSERT INTO `inspect_item_tvalues` VALUES ('137', '2', '1');
INSERT INTO `inspect_item_tvalues` VALUES ('137', '3', '1');
INSERT INTO `inspect_item_tvalues` VALUES ('138', '1', '1');
INSERT INTO `inspect_item_tvalues` VALUES ('138', '2', '1');
INSERT INTO `inspect_item_tvalues` VALUES ('138', '3', '1');
INSERT INTO `inspect_item_tvalues` VALUES ('139', '1', '1');
INSERT INTO `inspect_item_tvalues` VALUES ('139', '2', '1');
INSERT INTO `inspect_item_tvalues` VALUES ('139', '3', '1');
INSERT INTO `inspect_item_tvalues` VALUES ('140', '1', '1');
INSERT INTO `inspect_item_tvalues` VALUES ('140', '2', '1');
INSERT INTO `inspect_item_tvalues` VALUES ('140', '3', '1');
INSERT INTO `inspect_item_tvalues` VALUES ('141', '1', '1');
INSERT INTO `inspect_item_tvalues` VALUES ('141', '2', '1');
INSERT INTO `inspect_item_tvalues` VALUES ('141', '3', '1');
INSERT INTO `inspect_item_tvalues` VALUES ('142', '1', '1');
INSERT INTO `inspect_item_tvalues` VALUES ('142', '2', '1');
INSERT INTO `inspect_item_tvalues` VALUES ('142', '3', '1');
INSERT INTO `inspect_item_tvalues` VALUES ('143', '1', '1');
INSERT INTO `inspect_item_tvalues` VALUES ('143', '2', '1');
INSERT INTO `inspect_item_tvalues` VALUES ('143', '3', '1');
INSERT INTO `inspect_item_tvalues` VALUES ('144', '1', '1');
INSERT INTO `inspect_item_tvalues` VALUES ('144', '2', '1');
INSERT INTO `inspect_item_tvalues` VALUES ('144', '3', '1');
INSERT INTO `inspect_item_tvalues` VALUES ('145', '1', '1');
INSERT INTO `inspect_item_tvalues` VALUES ('145', '2', '1');
INSERT INTO `inspect_item_tvalues` VALUES ('145', '3', '1');
INSERT INTO `inspect_item_tvalues` VALUES ('146', '1', '1');
INSERT INTO `inspect_item_tvalues` VALUES ('146', '2', '1');
INSERT INTO `inspect_item_tvalues` VALUES ('146', '3', '1');
INSERT INTO `inspect_item_tvalues` VALUES ('147', '1', '1');
INSERT INTO `inspect_item_tvalues` VALUES ('147', '2', '1');
INSERT INTO `inspect_item_tvalues` VALUES ('147', '3', '1');
INSERT INTO `inspect_item_tvalues` VALUES ('148', '1', '1');
INSERT INTO `inspect_item_tvalues` VALUES ('148', '2', '1');
INSERT INTO `inspect_item_tvalues` VALUES ('148', '3', '1');
INSERT INTO `inspect_item_tvalues` VALUES ('149', '1', '1');
INSERT INTO `inspect_item_tvalues` VALUES ('149', '2', '1');
INSERT INTO `inspect_item_tvalues` VALUES ('149', '3', '1');
INSERT INTO `inspect_item_tvalues` VALUES ('150', '1', '1');
INSERT INTO `inspect_item_tvalues` VALUES ('150', '2', '1');
INSERT INTO `inspect_item_tvalues` VALUES ('150', '3', '1');
INSERT INTO `inspect_item_tvalues` VALUES ('151', '1', '1');
INSERT INTO `inspect_item_tvalues` VALUES ('151', '2', '1');
INSERT INTO `inspect_item_tvalues` VALUES ('151', '3', '1');
INSERT INTO `inspect_item_tvalues` VALUES ('152', '1', '1');
INSERT INTO `inspect_item_tvalues` VALUES ('152', '2', '1');
INSERT INTO `inspect_item_tvalues` VALUES ('152', '3', '1');
INSERT INTO `inspect_item_tvalues` VALUES ('153', '1', '1');
INSERT INTO `inspect_item_tvalues` VALUES ('153', '2', '1');
INSERT INTO `inspect_item_tvalues` VALUES ('153', '3', '1');
INSERT INTO `inspect_item_tvalues` VALUES ('154', '1', '1');
INSERT INTO `inspect_item_tvalues` VALUES ('154', '2', '1');
INSERT INTO `inspect_item_tvalues` VALUES ('154', '3', '1');
INSERT INTO `inspect_item_tvalues` VALUES ('155', '1', '1');
INSERT INTO `inspect_item_tvalues` VALUES ('155', '2', '1');
INSERT INTO `inspect_item_tvalues` VALUES ('155', '3', '1');
INSERT INTO `inspect_item_tvalues` VALUES ('156', '1', '1');
INSERT INTO `inspect_item_tvalues` VALUES ('156', '2', '1');
INSERT INTO `inspect_item_tvalues` VALUES ('156', '3', '1');
INSERT INTO `inspect_item_tvalues` VALUES ('157', '1', '1');
INSERT INTO `inspect_item_tvalues` VALUES ('157', '2', '1');
INSERT INTO `inspect_item_tvalues` VALUES ('157', '3', '1');
INSERT INTO `inspect_item_tvalues` VALUES ('158', '1', '1');
INSERT INTO `inspect_item_tvalues` VALUES ('158', '2', '1');
INSERT INTO `inspect_item_tvalues` VALUES ('158', '3', '1');
INSERT INTO `inspect_item_tvalues` VALUES ('159', '1', '1');
INSERT INTO `inspect_item_tvalues` VALUES ('159', '2', '1');
INSERT INTO `inspect_item_tvalues` VALUES ('159', '3', '1');
INSERT INTO `inspect_item_tvalues` VALUES ('160', '1', '1');
INSERT INTO `inspect_item_tvalues` VALUES ('160', '2', '1');
INSERT INTO `inspect_item_tvalues` VALUES ('160', '3', '1');
INSERT INTO `inspect_item_tvalues` VALUES ('161', '1', '1');
INSERT INTO `inspect_item_tvalues` VALUES ('161', '2', '1');
INSERT INTO `inspect_item_tvalues` VALUES ('161', '3', '1');
INSERT INTO `inspect_item_tvalues` VALUES ('162', '1', '1');
INSERT INTO `inspect_item_tvalues` VALUES ('162', '2', '1');
INSERT INTO `inspect_item_tvalues` VALUES ('162', '3', '1');
INSERT INTO `inspect_item_tvalues` VALUES ('163', '1', '1');
INSERT INTO `inspect_item_tvalues` VALUES ('163', '2', '1');
INSERT INTO `inspect_item_tvalues` VALUES ('163', '3', '1');
INSERT INTO `inspect_item_tvalues` VALUES ('164', '1', '1');
INSERT INTO `inspect_item_tvalues` VALUES ('164', '2', '1');
INSERT INTO `inspect_item_tvalues` VALUES ('164', '3', '1');
INSERT INTO `inspect_item_tvalues` VALUES ('165', '1', '1');
INSERT INTO `inspect_item_tvalues` VALUES ('165', '2', '1');
INSERT INTO `inspect_item_tvalues` VALUES ('165', '3', '1');
INSERT INTO `inspect_item_tvalues` VALUES ('166', '1', '1');
INSERT INTO `inspect_item_tvalues` VALUES ('166', '2', '1');
INSERT INTO `inspect_item_tvalues` VALUES ('166', '3', '1');
INSERT INTO `inspect_item_tvalues` VALUES ('167', '1', '1');
INSERT INTO `inspect_item_tvalues` VALUES ('167', '2', '1');
INSERT INTO `inspect_item_tvalues` VALUES ('167', '3', '1');
INSERT INTO `inspect_item_tvalues` VALUES ('168', '1', '1');
INSERT INTO `inspect_item_tvalues` VALUES ('168', '2', '1');
INSERT INTO `inspect_item_tvalues` VALUES ('168', '3', '1');
INSERT INTO `inspect_item_tvalues` VALUES ('169', '1', '1');
INSERT INTO `inspect_item_tvalues` VALUES ('169', '2', '1');
INSERT INTO `inspect_item_tvalues` VALUES ('169', '3', '1');
INSERT INTO `inspect_item_tvalues` VALUES ('170', '1', '1');
INSERT INTO `inspect_item_tvalues` VALUES ('170', '2', '1');
INSERT INTO `inspect_item_tvalues` VALUES ('170', '3', '1');
INSERT INTO `inspect_item_tvalues` VALUES ('171', '1', '1');
INSERT INTO `inspect_item_tvalues` VALUES ('171', '2', '1');
INSERT INTO `inspect_item_tvalues` VALUES ('171', '3', '1');
INSERT INTO `inspect_item_tvalues` VALUES ('172', '1', '1');
INSERT INTO `inspect_item_tvalues` VALUES ('172', '2', '1');
INSERT INTO `inspect_item_tvalues` VALUES ('172', '3', '1');
INSERT INTO `inspect_item_tvalues` VALUES ('173', '1', '1');
INSERT INTO `inspect_item_tvalues` VALUES ('173', '2', '1');
INSERT INTO `inspect_item_tvalues` VALUES ('173', '3', '1');
INSERT INTO `inspect_item_tvalues` VALUES ('174', '1', '1');
INSERT INTO `inspect_item_tvalues` VALUES ('174', '2', '1');
INSERT INTO `inspect_item_tvalues` VALUES ('174', '3', '1');
INSERT INTO `inspect_item_tvalues` VALUES ('175', '1', '1');
INSERT INTO `inspect_item_tvalues` VALUES ('175', '2', '1');
INSERT INTO `inspect_item_tvalues` VALUES ('175', '3', '1');
INSERT INTO `inspect_item_tvalues` VALUES ('176', '1', '1');
INSERT INTO `inspect_item_tvalues` VALUES ('176', '2', '1');
INSERT INTO `inspect_item_tvalues` VALUES ('176', '3', '1');
INSERT INTO `inspect_item_tvalues` VALUES ('177', '1', '1');
INSERT INTO `inspect_item_tvalues` VALUES ('177', '2', '1');
INSERT INTO `inspect_item_tvalues` VALUES ('177', '3', '1');
INSERT INTO `inspect_item_tvalues` VALUES ('178', '1', '1');
INSERT INTO `inspect_item_tvalues` VALUES ('178', '2', '1');
INSERT INTO `inspect_item_tvalues` VALUES ('178', '3', '1');
INSERT INTO `inspect_item_tvalues` VALUES ('179', '1', '1');
INSERT INTO `inspect_item_tvalues` VALUES ('179', '2', '1');
INSERT INTO `inspect_item_tvalues` VALUES ('179', '3', '1');
INSERT INTO `inspect_item_tvalues` VALUES ('180', '1', '1');
INSERT INTO `inspect_item_tvalues` VALUES ('180', '2', '1');
INSERT INTO `inspect_item_tvalues` VALUES ('180', '3', '1');
INSERT INTO `inspect_item_tvalues` VALUES ('181', '1', '1');
INSERT INTO `inspect_item_tvalues` VALUES ('181', '2', '1');
INSERT INTO `inspect_item_tvalues` VALUES ('181', '3', '1');
INSERT INTO `inspect_item_tvalues` VALUES ('182', '1', '1');
INSERT INTO `inspect_item_tvalues` VALUES ('182', '2', '1');
INSERT INTO `inspect_item_tvalues` VALUES ('182', '3', '1');
INSERT INTO `inspect_item_tvalues` VALUES ('183', '1', '1');
INSERT INTO `inspect_item_tvalues` VALUES ('183', '2', '1');
INSERT INTO `inspect_item_tvalues` VALUES ('183', '3', '1');
INSERT INTO `inspect_item_tvalues` VALUES ('184', '1', '1');
INSERT INTO `inspect_item_tvalues` VALUES ('184', '2', '1');
INSERT INTO `inspect_item_tvalues` VALUES ('184', '3', '1');
INSERT INTO `inspect_item_tvalues` VALUES ('185', '1', '1');
INSERT INTO `inspect_item_tvalues` VALUES ('185', '2', '1');
INSERT INTO `inspect_item_tvalues` VALUES ('185', '3', '1');
INSERT INTO `inspect_item_tvalues` VALUES ('186', '1', '1');
INSERT INTO `inspect_item_tvalues` VALUES ('186', '2', '1');
INSERT INTO `inspect_item_tvalues` VALUES ('186', '3', '1');
INSERT INTO `inspect_item_tvalues` VALUES ('187', '1', '1');
INSERT INTO `inspect_item_tvalues` VALUES ('187', '2', '1');
INSERT INTO `inspect_item_tvalues` VALUES ('187', '3', '1');
INSERT INTO `inspect_item_tvalues` VALUES ('188', '1', '1');
INSERT INTO `inspect_item_tvalues` VALUES ('188', '2', '1');
INSERT INTO `inspect_item_tvalues` VALUES ('188', '3', '1');
INSERT INTO `inspect_item_tvalues` VALUES ('189', '1', '1');
INSERT INTO `inspect_item_tvalues` VALUES ('189', '2', '1');
INSERT INTO `inspect_item_tvalues` VALUES ('189', '3', '1');
INSERT INTO `inspect_item_tvalues` VALUES ('190', '1', '1');
INSERT INTO `inspect_item_tvalues` VALUES ('190', '2', '1');
INSERT INTO `inspect_item_tvalues` VALUES ('190', '3', '1');
INSERT INTO `inspect_item_tvalues` VALUES ('191', '1', '1');
INSERT INTO `inspect_item_tvalues` VALUES ('191', '2', '1');
INSERT INTO `inspect_item_tvalues` VALUES ('191', '3', '1');
INSERT INTO `inspect_item_tvalues` VALUES ('192', '1', '1');
INSERT INTO `inspect_item_tvalues` VALUES ('192', '2', '1');
INSERT INTO `inspect_item_tvalues` VALUES ('192', '3', '1');
INSERT INTO `inspect_item_tvalues` VALUES ('193', '1', '1');
INSERT INTO `inspect_item_tvalues` VALUES ('193', '2', '1');
INSERT INTO `inspect_item_tvalues` VALUES ('193', '3', '1');
INSERT INTO `inspect_item_tvalues` VALUES ('194', '1', '1');
INSERT INTO `inspect_item_tvalues` VALUES ('194', '2', '1');
INSERT INTO `inspect_item_tvalues` VALUES ('194', '3', '1');
INSERT INTO `inspect_item_tvalues` VALUES ('195', '1', '1');
INSERT INTO `inspect_item_tvalues` VALUES ('195', '2', '1');
INSERT INTO `inspect_item_tvalues` VALUES ('195', '3', '1');
INSERT INTO `inspect_item_tvalues` VALUES ('196', '1', '1');
INSERT INTO `inspect_item_tvalues` VALUES ('196', '2', '1');
INSERT INTO `inspect_item_tvalues` VALUES ('196', '3', '1');
INSERT INTO `inspect_item_tvalues` VALUES ('197', '1', '1');
INSERT INTO `inspect_item_tvalues` VALUES ('197', '2', '1');
INSERT INTO `inspect_item_tvalues` VALUES ('197', '3', '1');
INSERT INTO `inspect_item_tvalues` VALUES ('198', '1', '1');
INSERT INTO `inspect_item_tvalues` VALUES ('198', '2', '1');
INSERT INTO `inspect_item_tvalues` VALUES ('198', '3', '1');
INSERT INTO `inspect_item_tvalues` VALUES ('199', '1', '1');
INSERT INTO `inspect_item_tvalues` VALUES ('199', '2', '1');
INSERT INTO `inspect_item_tvalues` VALUES ('199', '3', '1');
INSERT INTO `inspect_item_tvalues` VALUES ('200', '1', '1');
INSERT INTO `inspect_item_tvalues` VALUES ('200', '2', '1');
INSERT INTO `inspect_item_tvalues` VALUES ('200', '3', '1');
INSERT INTO `inspect_item_tvalues` VALUES ('201', '1', '1');
INSERT INTO `inspect_item_tvalues` VALUES ('201', '2', '1');
INSERT INTO `inspect_item_tvalues` VALUES ('201', '3', '1');
INSERT INTO `inspect_item_tvalues` VALUES ('202', '1', '1');
INSERT INTO `inspect_item_tvalues` VALUES ('202', '2', '1');
INSERT INTO `inspect_item_tvalues` VALUES ('202', '3', '1');
INSERT INTO `inspect_item_tvalues` VALUES ('203', '1', '1');
INSERT INTO `inspect_item_tvalues` VALUES ('203', '2', '1');
INSERT INTO `inspect_item_tvalues` VALUES ('203', '3', '1');
INSERT INTO `inspect_item_tvalues` VALUES ('204', '1', '1');
INSERT INTO `inspect_item_tvalues` VALUES ('204', '2', '1');
INSERT INTO `inspect_item_tvalues` VALUES ('204', '3', '1');
INSERT INTO `inspect_item_tvalues` VALUES ('205', '1', '1');
INSERT INTO `inspect_item_tvalues` VALUES ('205', '2', '1');
INSERT INTO `inspect_item_tvalues` VALUES ('205', '3', '1');
INSERT INTO `inspect_item_tvalues` VALUES ('206', '1', '1');
INSERT INTO `inspect_item_tvalues` VALUES ('206', '2', '1');
INSERT INTO `inspect_item_tvalues` VALUES ('206', '3', '1');
INSERT INTO `inspect_item_tvalues` VALUES ('207', '1', '1');
INSERT INTO `inspect_item_tvalues` VALUES ('207', '2', '1');
INSERT INTO `inspect_item_tvalues` VALUES ('207', '3', '1');
INSERT INTO `inspect_item_tvalues` VALUES ('208', '1', '1');
INSERT INTO `inspect_item_tvalues` VALUES ('208', '2', '1');
INSERT INTO `inspect_item_tvalues` VALUES ('208', '3', '1');
INSERT INTO `inspect_item_tvalues` VALUES ('209', '1', '1');
INSERT INTO `inspect_item_tvalues` VALUES ('209', '2', '1');
INSERT INTO `inspect_item_tvalues` VALUES ('209', '3', '1');
INSERT INTO `inspect_item_tvalues` VALUES ('210', '1', '1');
INSERT INTO `inspect_item_tvalues` VALUES ('210', '2', '1');
INSERT INTO `inspect_item_tvalues` VALUES ('210', '3', '1');
INSERT INTO `inspect_item_tvalues` VALUES ('211', '1', '1');
INSERT INTO `inspect_item_tvalues` VALUES ('211', '2', '1');
INSERT INTO `inspect_item_tvalues` VALUES ('211', '3', '1');
INSERT INTO `inspect_item_tvalues` VALUES ('212', '1', '1');
INSERT INTO `inspect_item_tvalues` VALUES ('212', '2', '1');
INSERT INTO `inspect_item_tvalues` VALUES ('212', '3', '1');
INSERT INTO `inspect_item_tvalues` VALUES ('213', '1', '1');
INSERT INTO `inspect_item_tvalues` VALUES ('213', '2', '1');
INSERT INTO `inspect_item_tvalues` VALUES ('213', '3', '1');
INSERT INTO `inspect_item_tvalues` VALUES ('214', '1', '1');
INSERT INTO `inspect_item_tvalues` VALUES ('214', '2', '1');
INSERT INTO `inspect_item_tvalues` VALUES ('214', '3', '1');
INSERT INTO `inspect_item_tvalues` VALUES ('215', '1', '1');
INSERT INTO `inspect_item_tvalues` VALUES ('215', '2', '1');
INSERT INTO `inspect_item_tvalues` VALUES ('215', '3', '1');
INSERT INTO `inspect_item_tvalues` VALUES ('216', '1', '1');
INSERT INTO `inspect_item_tvalues` VALUES ('216', '2', '1');
INSERT INTO `inspect_item_tvalues` VALUES ('216', '3', '1');
INSERT INTO `inspect_item_tvalues` VALUES ('217', '1', '1');
INSERT INTO `inspect_item_tvalues` VALUES ('217', '2', '1');
INSERT INTO `inspect_item_tvalues` VALUES ('217', '3', '1');
INSERT INTO `inspect_item_tvalues` VALUES ('218', '1', '1');
INSERT INTO `inspect_item_tvalues` VALUES ('218', '2', '1');
INSERT INTO `inspect_item_tvalues` VALUES ('218', '3', '1');
INSERT INTO `inspect_item_tvalues` VALUES ('219', '1', '1');
INSERT INTO `inspect_item_tvalues` VALUES ('219', '2', '1');
INSERT INTO `inspect_item_tvalues` VALUES ('219', '3', '1');
INSERT INTO `inspect_item_tvalues` VALUES ('220', '1', '1');
INSERT INTO `inspect_item_tvalues` VALUES ('220', '2', '1');
INSERT INTO `inspect_item_tvalues` VALUES ('220', '3', '1');
INSERT INTO `inspect_item_tvalues` VALUES ('221', '1', '1');
INSERT INTO `inspect_item_tvalues` VALUES ('221', '2', '1');
INSERT INTO `inspect_item_tvalues` VALUES ('221', '3', '1');
INSERT INTO `inspect_item_tvalues` VALUES ('222', '1', '1');
INSERT INTO `inspect_item_tvalues` VALUES ('222', '2', '1');
INSERT INTO `inspect_item_tvalues` VALUES ('222', '3', '1');
INSERT INTO `inspect_item_tvalues` VALUES ('223', '1', '1');
INSERT INTO `inspect_item_tvalues` VALUES ('223', '2', '1');
INSERT INTO `inspect_item_tvalues` VALUES ('223', '3', '1');
INSERT INTO `inspect_item_tvalues` VALUES ('224', '1', '1');
INSERT INTO `inspect_item_tvalues` VALUES ('224', '2', '1');
INSERT INTO `inspect_item_tvalues` VALUES ('224', '3', '1');
INSERT INTO `inspect_item_tvalues` VALUES ('225', '1', '1');
INSERT INTO `inspect_item_tvalues` VALUES ('225', '2', '1');
INSERT INTO `inspect_item_tvalues` VALUES ('225', '3', '1');
INSERT INTO `inspect_item_tvalues` VALUES ('226', '1', '1');
INSERT INTO `inspect_item_tvalues` VALUES ('226', '2', '1');
INSERT INTO `inspect_item_tvalues` VALUES ('226', '3', '1');
INSERT INTO `inspect_item_tvalues` VALUES ('227', '1', '1');
INSERT INTO `inspect_item_tvalues` VALUES ('227', '2', '1');
INSERT INTO `inspect_item_tvalues` VALUES ('227', '3', '1');
INSERT INTO `inspect_item_tvalues` VALUES ('228', '1', '1');
INSERT INTO `inspect_item_tvalues` VALUES ('228', '2', '1');
INSERT INTO `inspect_item_tvalues` VALUES ('228', '3', '1');
INSERT INTO `inspect_item_tvalues` VALUES ('229', '1', '1');
INSERT INTO `inspect_item_tvalues` VALUES ('229', '2', '1');
INSERT INTO `inspect_item_tvalues` VALUES ('229', '3', '1');
INSERT INTO `inspect_item_tvalues` VALUES ('230', '1', '1');
INSERT INTO `inspect_item_tvalues` VALUES ('230', '2', '1');
INSERT INTO `inspect_item_tvalues` VALUES ('230', '3', '1');
INSERT INTO `inspect_item_tvalues` VALUES ('231', '1', '1');
INSERT INTO `inspect_item_tvalues` VALUES ('231', '2', '1');
INSERT INTO `inspect_item_tvalues` VALUES ('231', '3', '1');
INSERT INTO `inspect_item_tvalues` VALUES ('232', '1', '1');
INSERT INTO `inspect_item_tvalues` VALUES ('232', '2', '1');
INSERT INTO `inspect_item_tvalues` VALUES ('232', '3', '1');
INSERT INTO `inspect_item_tvalues` VALUES ('233', '1', '1');
INSERT INTO `inspect_item_tvalues` VALUES ('233', '2', '1');
INSERT INTO `inspect_item_tvalues` VALUES ('233', '3', '1');
INSERT INTO `inspect_item_tvalues` VALUES ('234', '1', '1');
INSERT INTO `inspect_item_tvalues` VALUES ('234', '2', '1');
INSERT INTO `inspect_item_tvalues` VALUES ('234', '3', '1');
INSERT INTO `inspect_item_tvalues` VALUES ('235', '1', '1');
INSERT INTO `inspect_item_tvalues` VALUES ('235', '2', '1');
INSERT INTO `inspect_item_tvalues` VALUES ('235', '3', '1');
INSERT INTO `inspect_item_tvalues` VALUES ('236', '1', '1');
INSERT INTO `inspect_item_tvalues` VALUES ('236', '2', '1');
INSERT INTO `inspect_item_tvalues` VALUES ('236', '3', '1');
INSERT INTO `inspect_item_tvalues` VALUES ('237', '1', '1');
INSERT INTO `inspect_item_tvalues` VALUES ('237', '2', '1');
INSERT INTO `inspect_item_tvalues` VALUES ('237', '3', '1');
INSERT INTO `inspect_item_tvalues` VALUES ('238', '1', '1');
INSERT INTO `inspect_item_tvalues` VALUES ('238', '2', '1');
INSERT INTO `inspect_item_tvalues` VALUES ('238', '3', '1');
INSERT INTO `inspect_item_tvalues` VALUES ('239', '1', '1');
INSERT INTO `inspect_item_tvalues` VALUES ('239', '2', '1');
INSERT INTO `inspect_item_tvalues` VALUES ('239', '3', '1');
INSERT INTO `inspect_item_tvalues` VALUES ('240', '1', '1');
INSERT INTO `inspect_item_tvalues` VALUES ('240', '2', '1');
INSERT INTO `inspect_item_tvalues` VALUES ('240', '3', '1');
INSERT INTO `inspect_item_tvalues` VALUES ('241', '1', '1');
INSERT INTO `inspect_item_tvalues` VALUES ('241', '2', '1');
INSERT INTO `inspect_item_tvalues` VALUES ('241', '3', '1');
INSERT INTO `inspect_item_tvalues` VALUES ('242', '1', '1');
INSERT INTO `inspect_item_tvalues` VALUES ('242', '2', '1');
INSERT INTO `inspect_item_tvalues` VALUES ('242', '3', '1');
INSERT INTO `inspect_item_tvalues` VALUES ('243', '1', '1');
INSERT INTO `inspect_item_tvalues` VALUES ('243', '2', '1');
INSERT INTO `inspect_item_tvalues` VALUES ('243', '3', '1');
INSERT INTO `inspect_item_tvalues` VALUES ('244', '1', '1');
INSERT INTO `inspect_item_tvalues` VALUES ('244', '2', '1');
INSERT INTO `inspect_item_tvalues` VALUES ('244', '3', '1');
INSERT INTO `inspect_item_tvalues` VALUES ('245', '1', '1');
INSERT INTO `inspect_item_tvalues` VALUES ('245', '2', '1');
INSERT INTO `inspect_item_tvalues` VALUES ('245', '3', '1');
INSERT INTO `inspect_item_tvalues` VALUES ('246', '1', '1');
INSERT INTO `inspect_item_tvalues` VALUES ('246', '2', '1');
INSERT INTO `inspect_item_tvalues` VALUES ('246', '3', '1');
INSERT INTO `inspect_item_tvalues` VALUES ('247', '1', '1');
INSERT INTO `inspect_item_tvalues` VALUES ('247', '2', '1');
INSERT INTO `inspect_item_tvalues` VALUES ('247', '3', '1');
INSERT INTO `inspect_item_tvalues` VALUES ('248', '1', '1');
INSERT INTO `inspect_item_tvalues` VALUES ('248', '2', '1');
INSERT INTO `inspect_item_tvalues` VALUES ('248', '3', '1');
INSERT INTO `inspect_item_tvalues` VALUES ('249', '1', '1');
INSERT INTO `inspect_item_tvalues` VALUES ('249', '2', '1');
INSERT INTO `inspect_item_tvalues` VALUES ('249', '3', '1');
INSERT INTO `inspect_item_tvalues` VALUES ('250', '1', '1');
INSERT INTO `inspect_item_tvalues` VALUES ('250', '2', '1');
INSERT INTO `inspect_item_tvalues` VALUES ('250', '3', '1');
INSERT INTO `inspect_item_tvalues` VALUES ('251', '1', '1');
INSERT INTO `inspect_item_tvalues` VALUES ('251', '2', '1');
INSERT INTO `inspect_item_tvalues` VALUES ('251', '3', '1');
INSERT INTO `inspect_item_tvalues` VALUES ('252', '1', '1');
INSERT INTO `inspect_item_tvalues` VALUES ('252', '2', '1');
INSERT INTO `inspect_item_tvalues` VALUES ('252', '3', '1');
INSERT INTO `inspect_item_tvalues` VALUES ('253', '1', '1');
INSERT INTO `inspect_item_tvalues` VALUES ('253', '2', '1');
INSERT INTO `inspect_item_tvalues` VALUES ('253', '3', '1');
INSERT INTO `inspect_item_tvalues` VALUES ('254', '1', '1');
INSERT INTO `inspect_item_tvalues` VALUES ('254', '2', '1');
INSERT INTO `inspect_item_tvalues` VALUES ('254', '3', '1');
INSERT INTO `inspect_item_tvalues` VALUES ('255', '1', '1');
INSERT INTO `inspect_item_tvalues` VALUES ('255', '2', '1');
INSERT INTO `inspect_item_tvalues` VALUES ('255', '3', '1');
INSERT INTO `inspect_item_tvalues` VALUES ('256', '1', '1');
INSERT INTO `inspect_item_tvalues` VALUES ('256', '2', '1');
INSERT INTO `inspect_item_tvalues` VALUES ('256', '3', '1');
INSERT INTO `inspect_item_tvalues` VALUES ('257', '1', '1');
INSERT INTO `inspect_item_tvalues` VALUES ('257', '2', '1');
INSERT INTO `inspect_item_tvalues` VALUES ('257', '3', '1');
INSERT INTO `inspect_item_tvalues` VALUES ('258', '1', '1');
INSERT INTO `inspect_item_tvalues` VALUES ('258', '2', '1');
INSERT INTO `inspect_item_tvalues` VALUES ('258', '3', '1');
INSERT INTO `inspect_item_tvalues` VALUES ('259', '1', '1');
INSERT INTO `inspect_item_tvalues` VALUES ('259', '2', '1');
INSERT INTO `inspect_item_tvalues` VALUES ('259', '3', '1');
INSERT INTO `inspect_item_tvalues` VALUES ('260', '1', '1');
INSERT INTO `inspect_item_tvalues` VALUES ('260', '2', '1');
INSERT INTO `inspect_item_tvalues` VALUES ('260', '3', '1');
INSERT INTO `inspect_item_tvalues` VALUES ('261', '1', '1');
INSERT INTO `inspect_item_tvalues` VALUES ('261', '2', '1');
INSERT INTO `inspect_item_tvalues` VALUES ('261', '3', '1');
INSERT INTO `inspect_item_tvalues` VALUES ('262', '1', '1');
INSERT INTO `inspect_item_tvalues` VALUES ('262', '2', '1');
INSERT INTO `inspect_item_tvalues` VALUES ('262', '3', '1');
INSERT INTO `inspect_item_tvalues` VALUES ('263', '1', '1');
INSERT INTO `inspect_item_tvalues` VALUES ('263', '2', '1');
INSERT INTO `inspect_item_tvalues` VALUES ('263', '3', '1');
INSERT INTO `inspect_item_tvalues` VALUES ('264', '1', '1');
INSERT INTO `inspect_item_tvalues` VALUES ('264', '2', '1');
INSERT INTO `inspect_item_tvalues` VALUES ('264', '3', '1');
INSERT INTO `inspect_item_tvalues` VALUES ('265', '1', '1');
INSERT INTO `inspect_item_tvalues` VALUES ('265', '2', '1');
INSERT INTO `inspect_item_tvalues` VALUES ('265', '3', '1');
INSERT INTO `inspect_item_tvalues` VALUES ('266', '1', '1');
INSERT INTO `inspect_item_tvalues` VALUES ('266', '2', '1');
INSERT INTO `inspect_item_tvalues` VALUES ('266', '3', '1');
INSERT INTO `inspect_item_tvalues` VALUES ('267', '1', '1');
INSERT INTO `inspect_item_tvalues` VALUES ('267', '2', '1');
INSERT INTO `inspect_item_tvalues` VALUES ('267', '3', '1');
INSERT INTO `inspect_item_tvalues` VALUES ('268', '1', '1');
INSERT INTO `inspect_item_tvalues` VALUES ('268', '2', '1');
INSERT INTO `inspect_item_tvalues` VALUES ('268', '3', '1');
INSERT INTO `inspect_item_tvalues` VALUES ('269', '1', '1');
INSERT INTO `inspect_item_tvalues` VALUES ('269', '2', '1');
INSERT INTO `inspect_item_tvalues` VALUES ('269', '3', '1');
INSERT INTO `inspect_item_tvalues` VALUES ('270', '1', '1');
INSERT INTO `inspect_item_tvalues` VALUES ('270', '2', '1');
INSERT INTO `inspect_item_tvalues` VALUES ('270', '3', '1');
INSERT INTO `inspect_item_tvalues` VALUES ('271', '1', '1');
INSERT INTO `inspect_item_tvalues` VALUES ('271', '2', '1');
INSERT INTO `inspect_item_tvalues` VALUES ('271', '3', '1');
INSERT INTO `inspect_item_tvalues` VALUES ('272', '1', '1');
INSERT INTO `inspect_item_tvalues` VALUES ('272', '2', '1');
INSERT INTO `inspect_item_tvalues` VALUES ('272', '3', '1');
INSERT INTO `inspect_item_tvalues` VALUES ('273', '1', '1');
INSERT INTO `inspect_item_tvalues` VALUES ('273', '2', '1');
INSERT INTO `inspect_item_tvalues` VALUES ('273', '3', '1');
INSERT INTO `inspect_item_tvalues` VALUES ('274', '1', '1');
INSERT INTO `inspect_item_tvalues` VALUES ('274', '2', '1');
INSERT INTO `inspect_item_tvalues` VALUES ('274', '3', '1');
INSERT INTO `inspect_item_tvalues` VALUES ('275', '1', '1');
INSERT INTO `inspect_item_tvalues` VALUES ('275', '2', '1');
INSERT INTO `inspect_item_tvalues` VALUES ('275', '3', '1');
INSERT INTO `inspect_item_tvalues` VALUES ('276', '1', '1');
INSERT INTO `inspect_item_tvalues` VALUES ('276', '2', '1');
INSERT INTO `inspect_item_tvalues` VALUES ('276', '3', '1');
INSERT INTO `inspect_item_tvalues` VALUES ('277', '1', '1');
INSERT INTO `inspect_item_tvalues` VALUES ('277', '2', '1');
INSERT INTO `inspect_item_tvalues` VALUES ('277', '3', '1');
INSERT INTO `inspect_item_tvalues` VALUES ('278', '1', '1');
INSERT INTO `inspect_item_tvalues` VALUES ('278', '2', '1');
INSERT INTO `inspect_item_tvalues` VALUES ('278', '3', '1');
INSERT INTO `inspect_item_tvalues` VALUES ('279', '1', '1');
INSERT INTO `inspect_item_tvalues` VALUES ('279', '2', '1');
INSERT INTO `inspect_item_tvalues` VALUES ('279', '3', '1');
INSERT INTO `inspect_item_tvalues` VALUES ('280', '1', '1');
INSERT INTO `inspect_item_tvalues` VALUES ('280', '2', '1');
INSERT INTO `inspect_item_tvalues` VALUES ('280', '3', '1');
INSERT INTO `inspect_item_tvalues` VALUES ('281', '1', '1');
INSERT INTO `inspect_item_tvalues` VALUES ('281', '2', '1');
INSERT INTO `inspect_item_tvalues` VALUES ('281', '3', '1');
INSERT INTO `inspect_item_tvalues` VALUES ('282', '1', '1');
INSERT INTO `inspect_item_tvalues` VALUES ('282', '2', '1');
INSERT INTO `inspect_item_tvalues` VALUES ('282', '3', '1');
INSERT INTO `inspect_item_tvalues` VALUES ('283', '1', '1');
INSERT INTO `inspect_item_tvalues` VALUES ('283', '2', '1');
INSERT INTO `inspect_item_tvalues` VALUES ('283', '3', '1');
INSERT INTO `inspect_item_tvalues` VALUES ('284', '1', '1');
INSERT INTO `inspect_item_tvalues` VALUES ('284', '2', '1');
INSERT INTO `inspect_item_tvalues` VALUES ('284', '3', '1');
INSERT INTO `inspect_item_tvalues` VALUES ('285', '1', '1');
INSERT INTO `inspect_item_tvalues` VALUES ('285', '2', '1');
INSERT INTO `inspect_item_tvalues` VALUES ('286', '1', '1');
INSERT INTO `inspect_item_tvalues` VALUES ('286', '2', '1');
INSERT INTO `inspect_item_tvalues` VALUES ('286', '3', '1');
INSERT INTO `inspect_item_tvalues` VALUES ('287', '1', '1');
INSERT INTO `inspect_item_tvalues` VALUES ('287', '2', '1');
INSERT INTO `inspect_item_tvalues` VALUES ('287', '3', '1');
INSERT INTO `inspect_item_tvalues` VALUES ('288', '1', '1');
INSERT INTO `inspect_item_tvalues` VALUES ('288', '2', '1');
INSERT INTO `inspect_item_tvalues` VALUES ('288', '3', '1');
INSERT INTO `inspect_item_tvalues` VALUES ('289', '1', '1');
INSERT INTO `inspect_item_tvalues` VALUES ('289', '2', '1');
INSERT INTO `inspect_item_tvalues` VALUES ('289', '3', '1');
INSERT INTO `inspect_item_tvalues` VALUES ('290', '1', '1');
INSERT INTO `inspect_item_tvalues` VALUES ('290', '2', '1');
INSERT INTO `inspect_item_tvalues` VALUES ('290', '3', '1');
INSERT INTO `inspect_item_tvalues` VALUES ('291', '1', '1');
INSERT INTO `inspect_item_tvalues` VALUES ('291', '2', '1');
INSERT INTO `inspect_item_tvalues` VALUES ('291', '3', '1');
INSERT INTO `inspect_item_tvalues` VALUES ('292', '1', '1');
INSERT INTO `inspect_item_tvalues` VALUES ('292', '2', '1');
INSERT INTO `inspect_item_tvalues` VALUES ('292', '3', '1');
INSERT INTO `inspect_item_tvalues` VALUES ('293', '1', '1');
INSERT INTO `inspect_item_tvalues` VALUES ('293', '2', '1');
INSERT INTO `inspect_item_tvalues` VALUES ('293', '3', '1');
INSERT INTO `inspect_item_tvalues` VALUES ('294', '1', '1');
INSERT INTO `inspect_item_tvalues` VALUES ('294', '2', '1');
INSERT INTO `inspect_item_tvalues` VALUES ('294', '3', '1');
INSERT INTO `inspect_item_tvalues` VALUES ('295', '1', '1');
INSERT INTO `inspect_item_tvalues` VALUES ('295', '2', '1');
INSERT INTO `inspect_item_tvalues` VALUES ('295', '3', '1');
INSERT INTO `inspect_item_tvalues` VALUES ('296', '1', '1');
INSERT INTO `inspect_item_tvalues` VALUES ('296', '2', '1');
INSERT INTO `inspect_item_tvalues` VALUES ('296', '3', '1');
INSERT INTO `inspect_item_tvalues` VALUES ('297', '1', '1');
INSERT INTO `inspect_item_tvalues` VALUES ('297', '2', '1');
INSERT INTO `inspect_item_tvalues` VALUES ('297', '3', '1');
INSERT INTO `inspect_item_tvalues` VALUES ('298', '1', '1');
INSERT INTO `inspect_item_tvalues` VALUES ('298', '2', '1');
INSERT INTO `inspect_item_tvalues` VALUES ('298', '3', '1');
INSERT INTO `inspect_item_tvalues` VALUES ('299', '1', '1');
INSERT INTO `inspect_item_tvalues` VALUES ('299', '2', '1');
INSERT INTO `inspect_item_tvalues` VALUES ('299', '3', '1');
INSERT INTO `inspect_item_tvalues` VALUES ('300', '1', '1');
INSERT INTO `inspect_item_tvalues` VALUES ('300', '2', '1');
INSERT INTO `inspect_item_tvalues` VALUES ('300', '3', '1');
INSERT INTO `inspect_item_tvalues` VALUES ('301', '1', '1');
INSERT INTO `inspect_item_tvalues` VALUES ('301', '2', '1');
INSERT INTO `inspect_item_tvalues` VALUES ('301', '3', '1');
INSERT INTO `inspect_item_tvalues` VALUES ('302', '1', '1');
INSERT INTO `inspect_item_tvalues` VALUES ('302', '2', '1');
INSERT INTO `inspect_item_tvalues` VALUES ('302', '3', '1');
INSERT INTO `inspect_item_tvalues` VALUES ('303', '1', '1');
INSERT INTO `inspect_item_tvalues` VALUES ('303', '2', '1');
INSERT INTO `inspect_item_tvalues` VALUES ('303', '3', '1');
INSERT INTO `inspect_item_tvalues` VALUES ('304', '1', '1');
INSERT INTO `inspect_item_tvalues` VALUES ('304', '2', '1');
INSERT INTO `inspect_item_tvalues` VALUES ('304', '3', '1');
INSERT INTO `inspect_item_tvalues` VALUES ('305', '1', '1');
INSERT INTO `inspect_item_tvalues` VALUES ('305', '2', '1');
INSERT INTO `inspect_item_tvalues` VALUES ('305', '3', '1');
INSERT INTO `inspect_item_tvalues` VALUES ('306', '1', '1');
INSERT INTO `inspect_item_tvalues` VALUES ('306', '2', '1');
INSERT INTO `inspect_item_tvalues` VALUES ('306', '3', '1');
INSERT INTO `inspect_item_tvalues` VALUES ('307', '1', '1');
INSERT INTO `inspect_item_tvalues` VALUES ('307', '2', '1');
INSERT INTO `inspect_item_tvalues` VALUES ('307', '3', '1');
INSERT INTO `inspect_item_tvalues` VALUES ('308', '1', '1');
INSERT INTO `inspect_item_tvalues` VALUES ('308', '2', '1');
INSERT INTO `inspect_item_tvalues` VALUES ('308', '3', '1');
INSERT INTO `inspect_item_tvalues` VALUES ('309', '1', '1');
INSERT INTO `inspect_item_tvalues` VALUES ('309', '2', '1');
INSERT INTO `inspect_item_tvalues` VALUES ('309', '3', '1');
INSERT INTO `inspect_item_tvalues` VALUES ('310', '1', '1');
INSERT INTO `inspect_item_tvalues` VALUES ('310', '2', '1');
INSERT INTO `inspect_item_tvalues` VALUES ('310', '3', '1');
INSERT INTO `inspect_item_tvalues` VALUES ('311', '1', '1');
INSERT INTO `inspect_item_tvalues` VALUES ('311', '2', '1');
INSERT INTO `inspect_item_tvalues` VALUES ('311', '3', '1');
INSERT INTO `inspect_item_tvalues` VALUES ('312', '1', '1');
INSERT INTO `inspect_item_tvalues` VALUES ('312', '2', '1');
INSERT INTO `inspect_item_tvalues` VALUES ('312', '3', '1');
INSERT INTO `inspect_item_tvalues` VALUES ('313', '1', '1');
INSERT INTO `inspect_item_tvalues` VALUES ('313', '2', '1');
INSERT INTO `inspect_item_tvalues` VALUES ('313', '3', '1');
INSERT INTO `inspect_item_tvalues` VALUES ('314', '1', '1');
INSERT INTO `inspect_item_tvalues` VALUES ('314', '2', '1');
INSERT INTO `inspect_item_tvalues` VALUES ('314', '3', '1');
INSERT INTO `inspect_item_tvalues` VALUES ('315', '1', '1');
INSERT INTO `inspect_item_tvalues` VALUES ('315', '2', '1');
INSERT INTO `inspect_item_tvalues` VALUES ('315', '3', '1');
INSERT INTO `inspect_item_tvalues` VALUES ('316', '1', '1');
INSERT INTO `inspect_item_tvalues` VALUES ('316', '2', '1');
INSERT INTO `inspect_item_tvalues` VALUES ('316', '3', '1');
INSERT INTO `inspect_item_tvalues` VALUES ('317', '1', '1');
INSERT INTO `inspect_item_tvalues` VALUES ('317', '2', '1');
INSERT INTO `inspect_item_tvalues` VALUES ('317', '3', '1');
INSERT INTO `inspect_item_tvalues` VALUES ('318', '1', '1');
INSERT INTO `inspect_item_tvalues` VALUES ('318', '2', '1');
INSERT INTO `inspect_item_tvalues` VALUES ('318', '3', '1');
INSERT INTO `inspect_item_tvalues` VALUES ('319', '1', '1');
INSERT INTO `inspect_item_tvalues` VALUES ('319', '2', '1');
INSERT INTO `inspect_item_tvalues` VALUES ('319', '3', '1');
INSERT INTO `inspect_item_tvalues` VALUES ('320', '1', '1');
INSERT INTO `inspect_item_tvalues` VALUES ('320', '2', '1');
INSERT INTO `inspect_item_tvalues` VALUES ('320', '3', '1');
INSERT INTO `inspect_item_tvalues` VALUES ('321', '1', '1');
INSERT INTO `inspect_item_tvalues` VALUES ('321', '2', '1');
INSERT INTO `inspect_item_tvalues` VALUES ('321', '3', '1');
INSERT INTO `inspect_item_tvalues` VALUES ('322', '1', '1');
INSERT INTO `inspect_item_tvalues` VALUES ('322', '2', '1');
INSERT INTO `inspect_item_tvalues` VALUES ('322', '3', '1');
INSERT INTO `inspect_item_tvalues` VALUES ('323', '1', '1');
INSERT INTO `inspect_item_tvalues` VALUES ('323', '2', '1');
INSERT INTO `inspect_item_tvalues` VALUES ('323', '3', '1');
INSERT INTO `inspect_item_tvalues` VALUES ('324', '1', '1');
INSERT INTO `inspect_item_tvalues` VALUES ('324', '2', '1');
INSERT INTO `inspect_item_tvalues` VALUES ('324', '3', '1');
INSERT INTO `inspect_item_tvalues` VALUES ('325', '1', '1');
INSERT INTO `inspect_item_tvalues` VALUES ('325', '2', '1');
INSERT INTO `inspect_item_tvalues` VALUES ('325', '3', '1');
INSERT INTO `inspect_item_tvalues` VALUES ('326', '1', '1');
INSERT INTO `inspect_item_tvalues` VALUES ('326', '2', '1');
INSERT INTO `inspect_item_tvalues` VALUES ('326', '3', '1');
INSERT INTO `inspect_item_tvalues` VALUES ('327', '1', '1');
INSERT INTO `inspect_item_tvalues` VALUES ('327', '2', '1');
INSERT INTO `inspect_item_tvalues` VALUES ('327', '3', '1');
INSERT INTO `inspect_item_tvalues` VALUES ('328', '1', '1');
INSERT INTO `inspect_item_tvalues` VALUES ('328', '2', '1');
INSERT INTO `inspect_item_tvalues` VALUES ('328', '3', '1');
INSERT INTO `inspect_item_tvalues` VALUES ('329', '1', '1');
INSERT INTO `inspect_item_tvalues` VALUES ('329', '2', '1');
INSERT INTO `inspect_item_tvalues` VALUES ('329', '3', '1');
INSERT INTO `inspect_item_tvalues` VALUES ('330', '1', '1');
INSERT INTO `inspect_item_tvalues` VALUES ('330', '2', '1');
INSERT INTO `inspect_item_tvalues` VALUES ('330', '3', '1');
INSERT INTO `inspect_item_tvalues` VALUES ('331', '1', '1');
INSERT INTO `inspect_item_tvalues` VALUES ('331', '2', '1');
INSERT INTO `inspect_item_tvalues` VALUES ('331', '3', '1');
INSERT INTO `inspect_item_tvalues` VALUES ('332', '1', '1');
INSERT INTO `inspect_item_tvalues` VALUES ('332', '2', '1');
INSERT INTO `inspect_item_tvalues` VALUES ('332', '3', '1');
INSERT INTO `inspect_item_tvalues` VALUES ('333', '1', '1');
INSERT INTO `inspect_item_tvalues` VALUES ('333', '2', '1');
INSERT INTO `inspect_item_tvalues` VALUES ('333', '3', '1');
INSERT INTO `inspect_item_tvalues` VALUES ('334', '1', '1');
INSERT INTO `inspect_item_tvalues` VALUES ('334', '2', '1');
INSERT INTO `inspect_item_tvalues` VALUES ('334', '3', '1');
INSERT INTO `inspect_item_tvalues` VALUES ('335', '1', '1');
INSERT INTO `inspect_item_tvalues` VALUES ('335', '2', '1');
INSERT INTO `inspect_item_tvalues` VALUES ('335', '3', '1');
INSERT INTO `inspect_item_tvalues` VALUES ('336', '1', '1');
INSERT INTO `inspect_item_tvalues` VALUES ('336', '2', '1');
INSERT INTO `inspect_item_tvalues` VALUES ('336', '3', '1');
INSERT INTO `inspect_item_tvalues` VALUES ('337', '1', '1');
INSERT INTO `inspect_item_tvalues` VALUES ('337', '2', '1');
INSERT INTO `inspect_item_tvalues` VALUES ('337', '3', '1');
INSERT INTO `inspect_item_tvalues` VALUES ('338', '1', '1');
INSERT INTO `inspect_item_tvalues` VALUES ('338', '2', '1');
INSERT INTO `inspect_item_tvalues` VALUES ('338', '3', '1');
INSERT INTO `inspect_item_tvalues` VALUES ('339', '1', '1');
INSERT INTO `inspect_item_tvalues` VALUES ('339', '2', '1');
INSERT INTO `inspect_item_tvalues` VALUES ('339', '3', '1');
INSERT INTO `inspect_item_tvalues` VALUES ('340', '1', '1');
INSERT INTO `inspect_item_tvalues` VALUES ('340', '2', '1');
INSERT INTO `inspect_item_tvalues` VALUES ('340', '3', '1');
INSERT INTO `inspect_item_tvalues` VALUES ('341', '1', '1');
INSERT INTO `inspect_item_tvalues` VALUES ('341', '2', '1');
INSERT INTO `inspect_item_tvalues` VALUES ('341', '3', '1');
INSERT INTO `inspect_item_tvalues` VALUES ('342', '1', '1');
INSERT INTO `inspect_item_tvalues` VALUES ('342', '2', '1');
INSERT INTO `inspect_item_tvalues` VALUES ('342', '3', '1');
INSERT INTO `inspect_item_tvalues` VALUES ('343', '1', '1');
INSERT INTO `inspect_item_tvalues` VALUES ('343', '2', '1');
INSERT INTO `inspect_item_tvalues` VALUES ('343', '3', '1');
INSERT INTO `inspect_item_tvalues` VALUES ('344', '1', '1');
INSERT INTO `inspect_item_tvalues` VALUES ('344', '2', '1');
INSERT INTO `inspect_item_tvalues` VALUES ('344', '3', '1');
INSERT INTO `inspect_item_tvalues` VALUES ('345', '1', '1');
INSERT INTO `inspect_item_tvalues` VALUES ('345', '2', '1');
INSERT INTO `inspect_item_tvalues` VALUES ('345', '3', '1');
INSERT INTO `inspect_item_tvalues` VALUES ('346', '1', '1');
INSERT INTO `inspect_item_tvalues` VALUES ('346', '2', '1');
INSERT INTO `inspect_item_tvalues` VALUES ('346', '3', '1');
INSERT INTO `inspect_item_tvalues` VALUES ('347', '1', '1');
INSERT INTO `inspect_item_tvalues` VALUES ('347', '2', '1');
INSERT INTO `inspect_item_tvalues` VALUES ('347', '3', '1');
INSERT INTO `inspect_item_tvalues` VALUES ('348', '1', '1');
INSERT INTO `inspect_item_tvalues` VALUES ('348', '2', '1');
INSERT INTO `inspect_item_tvalues` VALUES ('348', '3', '1');
INSERT INTO `inspect_item_tvalues` VALUES ('349', '1', '1');
INSERT INTO `inspect_item_tvalues` VALUES ('349', '2', '1');
INSERT INTO `inspect_item_tvalues` VALUES ('349', '3', '1');
INSERT INTO `inspect_item_tvalues` VALUES ('350', '1', '1');
INSERT INTO `inspect_item_tvalues` VALUES ('350', '2', '1');
INSERT INTO `inspect_item_tvalues` VALUES ('350', '3', '1');
INSERT INTO `inspect_item_tvalues` VALUES ('351', '1', '1');
INSERT INTO `inspect_item_tvalues` VALUES ('351', '2', '1');
INSERT INTO `inspect_item_tvalues` VALUES ('351', '3', '1');
INSERT INTO `inspect_item_tvalues` VALUES ('352', '1', '1');
INSERT INTO `inspect_item_tvalues` VALUES ('352', '2', '1');
INSERT INTO `inspect_item_tvalues` VALUES ('352', '3', '1');
INSERT INTO `inspect_item_tvalues` VALUES ('353', '1', '1');
INSERT INTO `inspect_item_tvalues` VALUES ('353', '2', '1');
INSERT INTO `inspect_item_tvalues` VALUES ('353', '3', '1');
INSERT INTO `inspect_item_tvalues` VALUES ('354', '1', '1');
INSERT INTO `inspect_item_tvalues` VALUES ('354', '2', '1');
INSERT INTO `inspect_item_tvalues` VALUES ('354', '3', '1');
INSERT INTO `inspect_item_tvalues` VALUES ('355', '1', '1');
INSERT INTO `inspect_item_tvalues` VALUES ('355', '2', '1');
INSERT INTO `inspect_item_tvalues` VALUES ('355', '3', '1');
INSERT INTO `inspect_item_tvalues` VALUES ('356', '1', '1');
INSERT INTO `inspect_item_tvalues` VALUES ('356', '2', '1');
INSERT INTO `inspect_item_tvalues` VALUES ('356', '3', '1');
INSERT INTO `inspect_item_tvalues` VALUES ('357', '1', '1');
INSERT INTO `inspect_item_tvalues` VALUES ('357', '2', '1');
INSERT INTO `inspect_item_tvalues` VALUES ('357', '3', '1');
INSERT INTO `inspect_item_tvalues` VALUES ('358', '1', '1');
INSERT INTO `inspect_item_tvalues` VALUES ('358', '2', '1');
INSERT INTO `inspect_item_tvalues` VALUES ('358', '3', '1');
INSERT INTO `inspect_item_tvalues` VALUES ('359', '1', '1');
INSERT INTO `inspect_item_tvalues` VALUES ('359', '2', '1');
INSERT INTO `inspect_item_tvalues` VALUES ('359', '3', '1');
INSERT INTO `inspect_item_tvalues` VALUES ('360', '1', '1');
INSERT INTO `inspect_item_tvalues` VALUES ('360', '2', '1');
INSERT INTO `inspect_item_tvalues` VALUES ('360', '3', '1');
INSERT INTO `inspect_item_tvalues` VALUES ('361', '1', '1');
INSERT INTO `inspect_item_tvalues` VALUES ('361', '2', '1');
INSERT INTO `inspect_item_tvalues` VALUES ('361', '3', '1');
INSERT INTO `inspect_item_tvalues` VALUES ('362', '1', '1');
INSERT INTO `inspect_item_tvalues` VALUES ('362', '2', '1');
INSERT INTO `inspect_item_tvalues` VALUES ('362', '3', '1');
INSERT INTO `inspect_item_tvalues` VALUES ('363', '1', '1');
INSERT INTO `inspect_item_tvalues` VALUES ('363', '2', '1');
INSERT INTO `inspect_item_tvalues` VALUES ('363', '3', '1');
INSERT INTO `inspect_item_tvalues` VALUES ('364', '1', '1');
INSERT INTO `inspect_item_tvalues` VALUES ('364', '2', '1');
INSERT INTO `inspect_item_tvalues` VALUES ('364', '3', '1');
INSERT INTO `inspect_item_tvalues` VALUES ('365', '1', '1');
INSERT INTO `inspect_item_tvalues` VALUES ('365', '2', '1');
INSERT INTO `inspect_item_tvalues` VALUES ('365', '3', '1');
INSERT INTO `inspect_item_tvalues` VALUES ('366', '1', '1');
INSERT INTO `inspect_item_tvalues` VALUES ('366', '2', '1');
INSERT INTO `inspect_item_tvalues` VALUES ('366', '3', '1');
INSERT INTO `inspect_item_tvalues` VALUES ('367', '1', '1');
INSERT INTO `inspect_item_tvalues` VALUES ('367', '2', '1');
INSERT INTO `inspect_item_tvalues` VALUES ('367', '3', '1');
INSERT INTO `inspect_item_tvalues` VALUES ('368', '1', '1');
INSERT INTO `inspect_item_tvalues` VALUES ('368', '2', '1');
INSERT INTO `inspect_item_tvalues` VALUES ('368', '3', '1');
INSERT INTO `inspect_item_tvalues` VALUES ('369', '1', '1');
INSERT INTO `inspect_item_tvalues` VALUES ('369', '2', '1');
INSERT INTO `inspect_item_tvalues` VALUES ('369', '3', '1');
INSERT INTO `inspect_item_tvalues` VALUES ('370', '1', '1');
INSERT INTO `inspect_item_tvalues` VALUES ('370', '2', '1');
INSERT INTO `inspect_item_tvalues` VALUES ('370', '3', '1');
INSERT INTO `inspect_item_tvalues` VALUES ('371', '1', '1');
INSERT INTO `inspect_item_tvalues` VALUES ('371', '2', '1');
INSERT INTO `inspect_item_tvalues` VALUES ('371', '3', '1');
INSERT INTO `inspect_item_tvalues` VALUES ('372', '1', '1');
INSERT INTO `inspect_item_tvalues` VALUES ('372', '2', '1');
INSERT INTO `inspect_item_tvalues` VALUES ('372', '3', '1');
INSERT INTO `inspect_item_tvalues` VALUES ('373', '1', '1');
INSERT INTO `inspect_item_tvalues` VALUES ('373', '2', '1');
INSERT INTO `inspect_item_tvalues` VALUES ('373', '3', '1');
INSERT INTO `inspect_item_tvalues` VALUES ('374', '1', '1');
INSERT INTO `inspect_item_tvalues` VALUES ('374', '2', '1');
INSERT INTO `inspect_item_tvalues` VALUES ('374', '3', '1');
INSERT INTO `inspect_item_tvalues` VALUES ('375', '1', '1');
INSERT INTO `inspect_item_tvalues` VALUES ('375', '2', '1');
INSERT INTO `inspect_item_tvalues` VALUES ('375', '3', '1');
INSERT INTO `inspect_item_tvalues` VALUES ('376', '1', '1');
INSERT INTO `inspect_item_tvalues` VALUES ('376', '2', '1');
INSERT INTO `inspect_item_tvalues` VALUES ('376', '3', '1');
INSERT INTO `inspect_table` VALUES ('1', '2013-07-03 00:00:00', '机修人员点检表', '1', '1');
INSERT INTO `inspect_table` VALUES ('2', '2013-07-17 00:00:00', '门机队机械技术员点检表', '2', '1');
INSERT INTO `inspect_table` VALUES ('3', '2013-07-04 00:00:00', '门机技术员电气日常点检表', '3', '1');
INSERT INTO `inspect_table` VALUES ('4', '2013-07-10 00:00:00', '门机减速机专项点检卡', '4', '1');
INSERT INTO `inspect_table` VALUES ('5', '2013-07-18 00:00:00', '门机司机日常点检表', '5', '1');
INSERT INTO `inspect_table` VALUES ('6', '2013-07-08 00:00:00', '门机周一定保专项点检卡片', '2', '1');
INSERT INTO `inspect_table_record` VALUES ('139', '2013-09-05 15:12:00', null, '1', '1', null);
INSERT INTO `inspect_table_record` VALUES ('140', '2013-09-04 14:43:00', null, '2', '2', null);
INSERT INTO `inspect_table_record` VALUES ('141', '2013-09-05 14:56:00', null, '3', '3', null);
INSERT INTO `inspect_table_record` VALUES ('142', '2013-09-09 15:12:00', null, '1', '1', null);
INSERT INTO `inspect_table_record` VALUES ('143', '2013-09-09 14:43:00', null, '2', '2', null);
INSERT INTO `inspect_table_record` VALUES ('144', '2013-09-09 14:56:00', null, '3', '3', null);
INSERT INTO `inspect_table_record` VALUES ('145', '2013-09-13 15:12:00', null, '1', '1', null);
INSERT INTO `inspect_table_record` VALUES ('146', '2013-09-13 14:43:00', null, '2', '2', null);
INSERT INTO `inspect_table_record` VALUES ('147', '2013-09-13 14:56:00', null, '3', '3', null);
INSERT INTO `inspect_table_record` VALUES ('148', '2013-09-17 16:12:00', null, '1', '1', null);
INSERT INTO `inspect_table_record` VALUES ('149', '2013-09-17 14:43:00', null, '2', '2', null);
INSERT INTO `inspect_table_record` VALUES ('150', '2013-09-17 14:56:00', null, '3', '3', null);
INSERT INTO `inspect_table_record` VALUES ('151', '2013-09-21 14:12:00', null, '1', '1', null);
INSERT INTO `inspect_table_record` VALUES ('152', '2013-09-21 14:43:00', null, '2', '2', null);
INSERT INTO `inspect_table_record` VALUES ('153', '2013-09-21 14:56:00', null, '3', '3', null);
INSERT INTO `inspect_table_record` VALUES ('154', '2013-09-05 14:43:00', null, '2', '2', null);
INSERT INTO `inspect_table_record` VALUES ('155', '2013-09-05 14:43:00', null, '2', '2', null);
INSERT INTO `inspect_table_record` VALUES ('156', '2013-09-25 14:12:00', null, '1', '1', null);
INSERT INTO `inspect_table_record` VALUES ('157', '2013-09-25 14:43:00', null, '2', '2', null);
INSERT INTO `inspect_table_record` VALUES ('158', '2013-09-25 14:56:00', null, '3', '3', null);
INSERT INTO `inspect_table_record` VALUES ('159', '2013-09-30 14:12:00', null, '1', '1', null);
INSERT INTO `inspect_table_record` VALUES ('160', '2013-09-30 14:43:00', null, '2', '2', null);
INSERT INTO `inspect_table_record` VALUES ('161', '2013-09-30 14:56:00', null, '3', '3', null);
INSERT INTO `inspect_table_record` VALUES ('164', '2013-10-02 14:12:00', null, '1', '1', null);
INSERT INTO `inspect_table_record` VALUES ('165', '2013-10-29 11:03:13', null, '3', '3', null);
INSERT INTO `inspect_table_record` VALUES ('166', '2013-10-31 11:41:22', null, '1', '1', null);
INSERT INTO `inspect_table_record` VALUES ('182', '2013-10-21 14:53:45', null, '3', '3', null);
INSERT INTO `inspect_table_record` VALUES ('183', '2013-10-16 10:12:42', null, '5', '32', null);
INSERT INTO `inspect_tag` VALUES ('1', '2013-09-03 10:42:00', '行走区域', '行走区域', '0001', '2');
INSERT INTO `inspect_tag` VALUES ('2', '2013-09-03 10:43:00', '转盘区域', '转盘区域', '0002', '2');
INSERT INTO `inspect_tag` VALUES ('3', '2013-09-03 10:44:00', '司机室区域', '司机室区域', '0003', '2');
INSERT INTO `inspect_tag` VALUES ('4', '2013-09-03 10:45:00', '臂架区域', '臂架区域', '0004', '2');
INSERT INTO `inspect_tag_rf_id` VALUES ('11', '2013-09-03 10:46:00', '行走区域标签#0001', '0001', '行走区域标签#0001', '7', '1', '0');
INSERT INTO `inspect_tag_rf_id` VALUES ('12', '2013-09-03 10:46:00', '转盘区域标签#0002', '0002', '转盘区域标签#0002', '7', '2', '0');
INSERT INTO `inspect_tag_rf_id` VALUES ('13', '2013-09-03 10:46:00', '司机室区域标签#0003', '0003', '司机室区域标签#0003', '7', '3', '0');
INSERT INTO `inspect_tag_rf_id` VALUES ('14', '2013-09-03 10:46:00', '司机室区域标签#0004', '0004', '司机室区域标签#0004', '7', '4', '0');
INSERT INTO `inspect_tag_rf_id` VALUES ('15', '2013-09-03 10:46:00', '行走区域标签#0005', '0005', '行走区域标签#0005', '8', '1', '0');
INSERT INTO `inspect_tag_rf_id` VALUES ('16', '2013-09-03 10:46:00', '转盘区域标签#0006', '0006', '转盘区域标签#0006', '8', '2', '0');
INSERT INTO `inspect_tag_rf_id` VALUES ('17', '2013-09-03 10:46:00', '司机室区域标签#0007', '0007', '司机室区域标签#0007', '8', '3', '0');
INSERT INTO `inspect_tag_rf_id` VALUES ('18', '2013-09-03 10:46:00', '臂架区域标签#0008', '0008', '臂架区域标签#0008', '8', '4', '0');
INSERT INTO `roles` VALUES ('1', '2013-07-30 00:00:00', '机修人员', '1');
INSERT INTO `roles` VALUES ('2', '2013-07-01 00:00:00', '门机队机械技术员', '1');
INSERT INTO `roles` VALUES ('3', '2010-07-04 00:00:00', '门机电气技术员', '1');
INSERT INTO `roles` VALUES ('4', '2011-07-24 00:00:00', '门机减速机技术员', '1');
INSERT INTO `roles` VALUES ('5', '2013-08-14 00:00:00', '门机司机', '2');
INSERT INTO `timer` VALUES ('1', '2013-08-01 08:42:08', '2013-10-17 08:42:23');
INSERT INTO `tvalue` VALUES ('1', '正常', '22');
INSERT INTO `tvalue` VALUES ('2', '异常', '18');
INSERT INTO `tvalue` VALUES ('3', '无', '15');
INSERT INTO `users` VALUES ('1', '2013-07-17 00:00:00', '地址1', '24', '工作人员1', '123456', '男', '1', '是', '1');
INSERT INTO `users` VALUES ('2', '2013-07-08 00:00:00', '地址2', '12', '工作人员2', '1111111', '男', '2', '是', '1');
INSERT INTO `users` VALUES ('3', '2013-07-11 00:00:00', '地址4', '24', '工作人员3', '1111111', '男', '3', '是', '1');
INSERT INTO `users` VALUES ('21', null, '', '12', 'zhangxiaoming', '1212', '', '5', '是', '1');
INSERT INTO `users` VALUES ('32', null, '天水', '0', 'zhangxia', '1232141', '男', '1', '是', '0');
INSERT INTO `users` VALUES ('35', null, 'sdfsdf', '12', 'xiaozhujun', '123456', 'nan', '1', '否', '0');
INSERT INTO `users` VALUES ('38', null, '', '0', 'testhah', '11212', '男', '1', '否', '0');
